-57,1,r84f46ZqtZk9YNwYFOfpU26POZc=,5Wt8VBWEosrrqijsUaf3Ul2yZjE=
-50,3,r84f46ZqtZk9YNwYFOfpU26POZc=,5Wt8VBWEosrrqijsUaf3Ul2yZjE=
-56,4,r84f46ZqtZk9YNwYFOfpU26POZc=,5Wt8VBWEosrrqijsUaf3Ul2yZjE=
-51,1,r84f46ZqtZk9YNwYFOfpU26POZc=,5Wt8VBWEosrrqijsUaf3Ul2yZjE=
-54,0,r84f46ZqtZk9YNwYFOfpU26POZc=,5Wt8VBWEosrrqijsUaf3Ul2yZjE=
-51,3,r84f46ZqtZk9YNwYFOfpU26POZc=,5Wt8VBWEosrrqijsUaf3Ul2yZjE=
-49,3,r84f46ZqtZk9YNwYFOfpU26POZc=,5Wt8VBWEosrrqijsUaf3Ul2yZjE=
-53,4,r84f46ZqtZk9YNwYFOfpU26POZc=,5Wt8VBWEosrrqijsUaf3Ul2yZjE=
-54,4,WdbiPgYGfSfmFNtJWcMQLoDpA7w=,5Wt8VBWEosrrqijsUaf3Ul2yZjE=
-52,1,WdbiPgYGfSfmFNtJWcMQLoDpA7w=,5Wt8VBWEosrrqijsUaf3Ul2yZjE=
-55,4,WdbiPgYGfSfmFNtJWcMQLoDpA7w=,5Wt8VBWEosrrqijsUaf3Ul2yZjE=
-53,3,WdbiPgYGfSfmFNtJWcMQLoDpA7w=,5Wt8VBWEosrrqijsUaf3Ul2yZjE=
-53,1,WdbiPgYGfSfmFNtJWcMQLoDpA7w=,5Wt8VBWEosrrqijsUaf3Ul2yZjE=
-50,1,WdbiPgYGfSfmFNtJWcMQLoDpA7w=,5Wt8VBWEosrrqijsUaf3Ul2yZjE=
-52,0,WdbiPgYGfSfmFNtJWcMQLoDpA7w=,5Wt8VBWEosrrqijsUaf3Ul2yZjE=
-52,3,WdbiPgYGfSfmFNtJWcMQLoDpA7w=,5Wt8VBWEosrrqijsUaf3Ul2yZjE=
-57,5,WdbiPgYGfSfmFNtJWcMQLoDpA7w=,5Wt8VBWEosrrqijsUaf3Ul2yZjE=
-57,4,WdbiPgYGfSfmFNtJWcMQLoDpA7w=,5Wt8VBWEosrrqijsUaf3Ul2yZjE=
-51,4,WdbiPgYGfSfmFNtJWcMQLoDpA7w=,5Wt8VBWEosrrqijsUaf3Ul2yZjE=
-50,4,WdbiPgYGfSfmFNtJWcMQLoDpA7w=,5Wt8VBWEosrrqijsUaf3Ul2yZjE=
-49,1,WdbiPgYGfSfmFNtJWcMQLoDpA7w=,5Wt8VBWEosrrqijsUaf3Ul2yZjE=
-57,0,WdbiPgYGfSfmFNtJWcMQLoDpA7w=,5Wt8VBWEosrrqijsUaf3Ul2yZjE=
-51,5,WdbiPgYGfSfmFNtJWcMQLoDpA7w=,5Wt8VBWEosrrqijsUaf3Ul2yZjE=
-50,5,WdbiPgYGfSfmFNtJWcMQLoDpA7w=,5Wt8VBWEosrrqijsUaf3Ul2yZjE=
-56,5,WdbiPgYGfSfmFNtJWcMQLoDpA7w=,5Wt8VBWEosrrqijsUaf3Ul2yZjE=
-52,4,WdbiPgYGfSfmFNtJWcMQLoDpA7w=,5Wt8VBWEosrrqijsUaf3Ul2yZjE=
-54,5,WdbiPgYGfSfmFNtJWcMQLoDpA7w=,5Wt8VBWEosrrqijsUaf3Ul2yZjE=
-49,5,WdbiPgYGfSfmFNtJWcMQLoDpA7w=,5Wt8VBWEosrrqijsUaf3Ul2yZjE=
-53,5,WdbiPgYGfSfmFNtJWcMQLoDpA7w=,5Wt8VBWEosrrqijsUaf3Ul2yZjE=
-56,6,WdbiPgYGfSfmFNtJWcMQLoDpA7w=,5Wt8VBWEosrrqijsUaf3Ul2yZjE=
-57,3,WdbiPgYGfSfmFNtJWcMQLoDpA7w=,5Wt8VBWEosrrqijsUaf3Ul2yZjE=
-50,6,WdbiPgYGfSfmFNtJWcMQLoDpA7w=,5Wt8VBWEosrrqijsUaf3Ul2yZjE=
-54,7,WdbiPgYGfSfmFNtJWcMQLoDpA7w=,5Wt8VBWEosrrqijsUaf3Ul2yZjE=
-52,5,WdbiPgYGfSfmFNtJWcMQLoDpA7w=,5Wt8VBWEosrrqijsUaf3Ul2yZjE=
-57,2,WdbiPgYGfSfmFNtJWcMQLoDpA7w=,5Wt8VBWEosrrqijsUaf3Ul2yZjE=
-54,1,WdbiPgYGfSfmFNtJWcMQLoDpA7w=,5Wt8VBWEosrrqijsUaf3Ul2yZjE=
-55,5,WdbiPgYGfSfmFNtJWcMQLoDpA7w=,5Wt8VBWEosrrqijsUaf3Ul2yZjE=
-49,6,WdbiPgYGfSfmFNtJWcMQLoDpA7w=,5Wt8VBWEosrrqijsUaf3Ul2yZjE=
-52,7,WdbiPgYGfSfmFNtJWcMQLoDpA7w=,5Wt8VBWEosrrqijsUaf3Ul2yZjE=
-57,12,WdbiPgYGfSfmFNtJWcMQLoDpA7w=,5Wt8VBWEosrrqijsUaf3Ul2yZjE=
-57,7,WdbiPgYGfSfmFNtJWcMQLoDpA7w=,5Wt8VBWEosrrqijsUaf3Ul2yZjE=
-52,6,WdbiPgYGfSfmFNtJWcMQLoDpA7w=,5Wt8VBWEosrrqijsUaf3Ul2yZjE=
-57,9,WdbiPgYGfSfmFNtJWcMQLoDpA7w=,5Wt8VBWEosrrqijsUaf3Ul2yZjE=
-50,7,WdbiPgYGfSfmFNtJWcMQLoDpA7w=,5Wt8VBWEosrrqijsUaf3Ul2yZjE=
-51,0,WdbiPgYGfSfmFNtJWcMQLoDpA7w=,5Wt8VBWEosrrqijsUaf3Ul2yZjE=
-53,7,WdbiPgYGfSfmFNtJWcMQLoDpA7w=,5Wt8VBWEosrrqijsUaf3Ul2yZjE=
-51,7,WdbiPgYGfSfmFNtJWcMQLoDpA7w=,5Wt8VBWEosrrqijsUaf3Ul2yZjE=
-56,7,WdbiPgYGfSfmFNtJWcMQLoDpA7w=,5Wt8VBWEosrrqijsUaf3Ul2yZjE=
-55,2,WdbiPgYGfSfmFNtJWcMQLoDpA7w=,5Wt8VBWEosrrqijsUaf3Ul2yZjE=
-57,14,WdbiPgYGfSfmFNtJWcMQLoDpA7w=,5Wt8VBWEosrrqijsUaf3Ul2yZjE=
-54,2,WdbiPgYGfSfmFNtJWcMQLoDpA7w=,5Wt8VBWEosrrqijsUaf3Ul2yZjE=
-56,0,WdbiPgYGfSfmFNtJWcMQLoDpA7w=,5Wt8VBWEosrrqijsUaf3Ul2yZjE=
-55,1,WdbiPgYGfSfmFNtJWcMQLoDpA7w=,5Wt8VBWEosrrqijsUaf3Ul2yZjE=
-52,15,WdbiPgYGfSfmFNtJWcMQLoDpA7w=,5Wt8VBWEosrrqijsUaf3Ul2yZjE=
-53,15,WdbiPgYGfSfmFNtJWcMQLoDpA7w=,5Wt8VBWEosrrqijsUaf3Ul2yZjE=
-55,0,WdbiPgYGfSfmFNtJWcMQLoDpA7w=,5Wt8VBWEosrrqijsUaf3Ul2yZjE=
-54,15,WdbiPgYGfSfmFNtJWcMQLoDpA7w=,5Wt8VBWEosrrqijsUaf3Ul2yZjE=
-49,15,WdbiPgYGfSfmFNtJWcMQLoDpA7w=,5Wt8VBWEosrrqijsUaf3Ul2yZjE=
-56,1,WdbiPgYGfSfmFNtJWcMQLoDpA7w=,5Wt8VBWEosrrqijsUaf3Ul2yZjE=
-50,15,WdbiPgYGfSfmFNtJWcMQLoDpA7w=,5Wt8VBWEosrrqijsUaf3Ul2yZjE=
-55,15,WdbiPgYGfSfmFNtJWcMQLoDpA7w=,5Wt8VBWEosrrqijsUaf3Ul2yZjE=
-54,3,WdbiPgYGfSfmFNtJWcMQLoDpA7w=,5Wt8VBWEosrrqijsUaf3Ul2yZjE=
-49,14,WdbiPgYGfSfmFNtJWcMQLoDpA7w=,5Wt8VBWEosrrqijsUaf3Ul2yZjE=
-51,15,WdbiPgYGfSfmFNtJWcMQLoDpA7w=,5Wt8VBWEosrrqijsUaf3Ul2yZjE=
-56,15,WdbiPgYGfSfmFNtJWcMQLoDpA7w=,5Wt8VBWEosrrqijsUaf3Ul2yZjE=
-52,14,WdbiPgYGfSfmFNtJWcMQLoDpA7w=,5Wt8VBWEosrrqijsUaf3Ul2yZjE=
-55,3,WdbiPgYGfSfmFNtJWcMQLoDpA7w=,5Wt8VBWEosrrqijsUaf3Ul2yZjE=
-53,14,WdbiPgYGfSfmFNtJWcMQLoDpA7w=,5Wt8VBWEosrrqijsUaf3Ul2yZjE=
-54,14,WdbiPgYGfSfmFNtJWcMQLoDpA7w=,5Wt8VBWEosrrqijsUaf3Ul2yZjE=
-50,14,WdbiPgYGfSfmFNtJWcMQLoDpA7w=,5Wt8VBWEosrrqijsUaf3Ul2yZjE=
-51,14,WdbiPgYGfSfmFNtJWcMQLoDpA7w=,5Wt8VBWEosrrqijsUaf3Ul2yZjE=
-52,13,WdbiPgYGfSfmFNtJWcMQLoDpA7w=,5Wt8VBWEosrrqijsUaf3Ul2yZjE=
-53,13,8HpP8hdErVuKYioQOjEFeatXdaI=,5Wt8VBWEosrrqijsUaf3Ul2yZjE=
-50,13,8HpP8hdErVuKYioQOjEFeatXdaI=,5Wt8VBWEosrrqijsUaf3Ul2yZjE=
-51,11,8HpP8hdErVuKYioQOjEFeatXdaI=,5Wt8VBWEosrrqijsUaf3Ul2yZjE=
-55,14,8HpP8hdErVuKYioQOjEFeatXdaI=,5Wt8VBWEosrrqijsUaf3Ul2yZjE=
-51,10,8HpP8hdErVuKYioQOjEFeatXdaI=,5Wt8VBWEosrrqijsUaf3Ul2yZjE=
-52,12,8HpP8hdErVuKYioQOjEFeatXdaI=,5Wt8VBWEosrrqijsUaf3Ul2yZjE=
-56,11,8HpP8hdErVuKYioQOjEFeatXdaI=,5Wt8VBWEosrrqijsUaf3Ul2yZjE=
-49,11,8HpP8hdErVuKYioQOjEFeatXdaI=,5Wt8VBWEosrrqijsUaf3Ul2yZjE=
-52,11,8HpP8hdErVuKYioQOjEFeatXdaI=,5Wt8VBWEosrrqijsUaf3Ul2yZjE=
-55,11,8HpP8hdErVuKYioQOjEFeatXdaI=,5Wt8VBWEosrrqijsUaf3Ul2yZjE=
-51,13,8HpP8hdErVuKYioQOjEFeatXdaI=,5Wt8VBWEosrrqijsUaf3Ul2yZjE=
-50,10,8HpP8hdErVuKYioQOjEFeatXdaI=,5Wt8VBWEosrrqijsUaf3Ul2yZjE=
-53,11,8HpP8hdErVuKYioQOjEFeatXdaI=,5Wt8VBWEosrrqijsUaf3Ul2yZjE=
-50,12,8HpP8hdErVuKYioQOjEFeatXdaI=,5Wt8VBWEosrrqijsUaf3Ul2yZjE=
-56,3,8HpP8hdErVuKYioQOjEFeatXdaI=,5Wt8VBWEosrrqijsUaf3Ul2yZjE=
-54,11,8HpP8hdErVuKYioQOjEFeatXdaI=,5Wt8VBWEosrrqijsUaf3Ul2yZjE=
-51,12,8HpP8hdErVuKYioQOjEFeatXdaI=,5Wt8VBWEosrrqijsUaf3Ul2yZjE=
-56,13,8HpP8hdErVuKYioQOjEFeatXdaI=,5Wt8VBWEosrrqijsUaf3Ul2yZjE=
-54,13,8HpP8hdErVuKYioQOjEFeatXdaI=,5Wt8VBWEosrrqijsUaf3Ul2yZjE=
-50,2,8HpP8hdErVuKYioQOjEFeatXdaI=,5Wt8VBWEosrrqijsUaf3Ul2yZjE=
-50,11,8HpP8hdErVuKYioQOjEFeatXdaI=,5Wt8VBWEosrrqijsUaf3Ul2yZjE=
-49,2,8HpP8hdErVuKYioQOjEFeatXdaI=,5Wt8VBWEosrrqijsUaf3Ul2yZjE=
-54,10,8HpP8hdErVuKYioQOjEFeatXdaI=,5Wt8VBWEosrrqijsUaf3Ul2yZjE=
-55,12,8HpP8hdErVuKYioQOjEFeatXdaI=,5Wt8VBWEosrrqijsUaf3Ul2yZjE=
-57,6,WdbiPgYGfSfmFNtJWcMQLoDpA7w=,5Wt8VBWEosrrqijsUaf3Ul2yZjE=
-55,6,WdbiPgYGfSfmFNtJWcMQLoDpA7w=,5Wt8VBWEosrrqijsUaf3Ul2yZjE=
-56,2,WdbiPgYGfSfmFNtJWcMQLoDpA7w=,5Wt8VBWEosrrqijsUaf3Ul2yZjE=
-57,8,WdbiPgYGfSfmFNtJWcMQLoDpA7w=,5Wt8VBWEosrrqijsUaf3Ul2yZjE=
-57,15,WdbiPgYGfSfmFNtJWcMQLoDpA7w=,5Wt8VBWEosrrqijsUaf3Ul2yZjE=
-53,6,WdbiPgYGfSfmFNtJWcMQLoDpA7w=,5Wt8VBWEosrrqijsUaf3Ul2yZjE=
-49,4,WdbiPgYGfSfmFNtJWcMQLoDpA7w=,5Wt8VBWEosrrqijsUaf3Ul2yZjE=
-57,10,WdbiPgYGfSfmFNtJWcMQLoDpA7w=,5Wt8VBWEosrrqijsUaf3Ul2yZjE=
-51,6,WdbiPgYGfSfmFNtJWcMQLoDpA7w=,5Wt8VBWEosrrqijsUaf3Ul2yZjE=
-57,11,WdbiPgYGfSfmFNtJWcMQLoDpA7w=,5Wt8VBWEosrrqijsUaf3Ul2yZjE=
-54,6,WdbiPgYGfSfmFNtJWcMQLoDpA7w=,5Wt8VBWEosrrqijsUaf3Ul2yZjE=
-55,7,WdbiPgYGfSfmFNtJWcMQLoDpA7w=,5Wt8VBWEosrrqijsUaf3Ul2yZjE=
-57,13,WdbiPgYGfSfmFNtJWcMQLoDpA7w=,5Wt8VBWEosrrqijsUaf3Ul2yZjE=
-49,10,8HpP8hdErVuKYioQOjEFeatXdaI=,5Wt8VBWEosrrqijsUaf3Ul2yZjE=
-56,12,8HpP8hdErVuKYioQOjEFeatXdaI=,5Wt8VBWEosrrqijsUaf3Ul2yZjE=
-49,0,8HpP8hdErVuKYioQOjEFeatXdaI=,5Wt8VBWEosrrqijsUaf3Ul2yZjE=
-55,13,8HpP8hdErVuKYioQOjEFeatXdaI=,5Wt8VBWEosrrqijsUaf3Ul2yZjE=
-49,12,8HpP8hdErVuKYioQOjEFeatXdaI=,5Wt8VBWEosrrqijsUaf3Ul2yZjE=
-53,12,8HpP8hdErVuKYioQOjEFeatXdaI=,5Wt8VBWEosrrqijsUaf3Ul2yZjE=
-50,8,8HpP8hdErVuKYioQOjEFeatXdaI=,5Wt8VBWEosrrqijsUaf3Ul2yZjE=
-54,12,8HpP8hdErVuKYioQOjEFeatXdaI=,5Wt8VBWEosrrqijsUaf3Ul2yZjE=
-49,13,8HpP8hdErVuKYioQOjEFeatXdaI=,5Wt8VBWEosrrqijsUaf3Ul2yZjE=
-56,14,8HpP8hdErVuKYioQOjEFeatXdaI=,5Wt8VBWEosrrqijsUaf3Ul2yZjE=
-55,9,8HpP8hdErVuKYioQOjEFeatXdaI=,5Wt8VBWEosrrqijsUaf3Ul2yZjE=
-55,8,8HpP8hdErVuKYioQOjEFeatXdaI=,5Wt8VBWEosrrqijsUaf3Ul2yZjE=
-56,10,8HpP8hdErVuKYioQOjEFeatXdaI=,5Wt8VBWEosrrqijsUaf3Ul2yZjE=
-53,0,8HpP8hdErVuKYioQOjEFeatXdaI=,5Wt8VBWEosrrqijsUaf3Ul2yZjE=
-55,10,8HpP8hdErVuKYioQOjEFeatXdaI=,5Wt8VBWEosrrqijsUaf3Ul2yZjE=
-53,2,8HpP8hdErVuKYioQOjEFeatXdaI=,5Wt8VBWEosrrqijsUaf3Ul2yZjE=
-51,2,8HpP8hdErVuKYioQOjEFeatXdaI=,5Wt8VBWEosrrqijsUaf3Ul2yZjE=
-53,10,8HpP8hdErVuKYioQOjEFeatXdaI=,5Wt8VBWEosrrqijsUaf3Ul2yZjE=
-52,10,8HpP8hdErVuKYioQOjEFeatXdaI=,5Wt8VBWEosrrqijsUaf3Ul2yZjE=
-50,9,8HpP8hdErVuKYioQOjEFeatXdaI=,5Wt8VBWEosrrqijsUaf3Ul2yZjE=
-52,8,8HpP8hdErVuKYioQOjEFeatXdaI=,5Wt8VBWEosrrqijsUaf3Ul2yZjE=
-51,9,8HpP8hdErVuKYioQOjEFeatXdaI=,5Wt8VBWEosrrqijsUaf3Ul2yZjE=
-54,8,8HpP8hdErVuKYioQOjEFeatXdaI=,5Wt8VBWEosrrqijsUaf3Ul2yZjE=
-53,9,8HpP8hdErVuKYioQOjEFeatXdaI=,5Wt8VBWEosrrqijsUaf3Ul2yZjE=
-51,8,8HpP8hdErVuKYioQOjEFeatXdaI=,5Wt8VBWEosrrqijsUaf3Ul2yZjE=
-52,2,8HpP8hdErVuKYioQOjEFeatXdaI=,5Wt8VBWEosrrqijsUaf3Ul2yZjE=
-56,8,8HpP8hdErVuKYioQOjEFeatXdaI=,5Wt8VBWEosrrqijsUaf3Ul2yZjE=
-52,9,8HpP8hdErVuKYioQOjEFeatXdaI=,5Wt8VBWEosrrqijsUaf3Ul2yZjE=
-49,9,8HpP8hdErVuKYioQOjEFeatXdaI=,5Wt8VBWEosrrqijsUaf3Ul2yZjE=
-53,8,8HpP8hdErVuKYioQOjEFeatXdaI=,5Wt8VBWEosrrqijsUaf3Ul2yZjE=
-54,9,8HpP8hdErVuKYioQOjEFeatXdaI=,5Wt8VBWEosrrqijsUaf3Ul2yZjE=
-49,7,8HpP8hdErVuKYioQOjEFeatXdaI=,5Wt8VBWEosrrqijsUaf3Ul2yZjE=
-56,9,8HpP8hdErVuKYioQOjEFeatXdaI=,5Wt8VBWEosrrqijsUaf3Ul2yZjE=
-49,8,8HpP8hdErVuKYioQOjEFeatXdaI=,5Wt8VBWEosrrqijsUaf3Ul2yZjE=
-50,0,8HpP8hdErVuKYioQOjEFeatXdaI=,5Wt8VBWEosrrqijsUaf3Ul2yZjE=
-53,20,6/dTtFD1sCeI2x4i/5XPZXJQHAU=,D2oBH80c0j07hOHN0faDngHMSNE=
-52,20,6/dTtFD1sCeI2x4i/5XPZXJQHAU=,D2oBH80c0j07hOHN0faDngHMSNE=
-52,17,6/dTtFD1sCeI2x4i/5XPZXJQHAU=,D2oBH80c0j07hOHN0faDngHMSNE=
-53,17,6/dTtFD1sCeI2x4i/5XPZXJQHAU=,D2oBH80c0j07hOHN0faDngHMSNE=
-53,19,6/dTtFD1sCeI2x4i/5XPZXJQHAU=,D2oBH80c0j07hOHN0faDngHMSNE=
-51,20,6/dTtFD1sCeI2x4i/5XPZXJQHAU=,D2oBH80c0j07hOHN0faDngHMSNE=
-49,19,6/dTtFD1sCeI2x4i/5XPZXJQHAU=,D2oBH80c0j07hOHN0faDngHMSNE=
-50,19,6/dTtFD1sCeI2x4i/5XPZXJQHAU=,D2oBH80c0j07hOHN0faDngHMSNE=
-51,17,6/dTtFD1sCeI2x4i/5XPZXJQHAU=,D2oBH80c0j07hOHN0faDngHMSNE=
-50,17,6/dTtFD1sCeI2x4i/5XPZXJQHAU=,D2oBH80c0j07hOHN0faDngHMSNE=
-55,20,6/dTtFD1sCeI2x4i/5XPZXJQHAU=,D2oBH80c0j07hOHN0faDngHMSNE=
-52,16,6/dTtFD1sCeI2x4i/5XPZXJQHAU=,D2oBH80c0j07hOHN0faDngHMSNE=
-49,17,6/dTtFD1sCeI2x4i/5XPZXJQHAU=,D2oBH80c0j07hOHN0faDngHMSNE=
-56,20,6/dTtFD1sCeI2x4i/5XPZXJQHAU=,D2oBH80c0j07hOHN0faDngHMSNE=
-54,20,6/dTtFD1sCeI2x4i/5XPZXJQHAU=,D2oBH80c0j07hOHN0faDngHMSNE=
-54,16,6/dTtFD1sCeI2x4i/5XPZXJQHAU=,D2oBH80c0j07hOHN0faDngHMSNE=
-51,19,6/dTtFD1sCeI2x4i/5XPZXJQHAU=,D2oBH80c0j07hOHN0faDngHMSNE=
-52,19,6/dTtFD1sCeI2x4i/5XPZXJQHAU=,D2oBH80c0j07hOHN0faDngHMSNE=
-57,17,6/dTtFD1sCeI2x4i/5XPZXJQHAU=,D2oBH80c0j07hOHN0faDngHMSNE=
-49,20,6/dTtFD1sCeI2x4i/5XPZXJQHAU=,D2oBH80c0j07hOHN0faDngHMSNE=
-54,17,6/dTtFD1sCeI2x4i/5XPZXJQHAU=,D2oBH80c0j07hOHN0faDngHMSNE=
-50,20,6/dTtFD1sCeI2x4i/5XPZXJQHAU=,D2oBH80c0j07hOHN0faDngHMSNE=
-53,21,6/dTtFD1sCeI2x4i/5XPZXJQHAU=,D2oBH80c0j07hOHN0faDngHMSNE=
-50,21,6/dTtFD1sCeI2x4i/5XPZXJQHAU=,D2oBH80c0j07hOHN0faDngHMSNE=
-52,21,6/dTtFD1sCeI2x4i/5XPZXJQHAU=,D2oBH80c0j07hOHN0faDngHMSNE=
-57,20,6/dTtFD1sCeI2x4i/5XPZXJQHAU=,D2oBH80c0j07hOHN0faDngHMSNE=
-51,21,6/dTtFD1sCeI2x4i/5XPZXJQHAU=,D2oBH80c0j07hOHN0faDngHMSNE=
-55,21,6/dTtFD1sCeI2x4i/5XPZXJQHAU=,D2oBH80c0j07hOHN0faDngHMSNE=
-57,16,6/dTtFD1sCeI2x4i/5XPZXJQHAU=,D2oBH80c0j07hOHN0faDngHMSNE=
-49,21,6/dTtFD1sCeI2x4i/5XPZXJQHAU=,D2oBH80c0j07hOHN0faDngHMSNE=
-56,18,6/dTtFD1sCeI2x4i/5XPZXJQHAU=,D2oBH80c0j07hOHN0faDngHMSNE=
-54,21,6/dTtFD1sCeI2x4i/5XPZXJQHAU=,D2oBH80c0j07hOHN0faDngHMSNE=
-57,18,6/dTtFD1sCeI2x4i/5XPZXJQHAU=,D2oBH80c0j07hOHN0faDngHMSNE=
-55,22,6/dTtFD1sCeI2x4i/5XPZXJQHAU=,D2oBH80c0j07hOHN0faDngHMSNE=
-49,23,6/dTtFD1sCeI2x4i/5XPZXJQHAU=,D2oBH80c0j07hOHN0faDngHMSNE=
-50,22,6/dTtFD1sCeI2x4i/5XPZXJQHAU=,D2oBH80c0j07hOHN0faDngHMSNE=
-56,21,6/dTtFD1sCeI2x4i/5XPZXJQHAU=,D2oBH80c0j07hOHN0faDngHMSNE=
-55,17,6/dTtFD1sCeI2x4i/5XPZXJQHAU=,D2oBH80c0j07hOHN0faDngHMSNE=
-56,22,6/dTtFD1sCeI2x4i/5XPZXJQHAU=,D2oBH80c0j07hOHN0faDngHMSNE=
-53,22,6/dTtFD1sCeI2x4i/5XPZXJQHAU=,D2oBH80c0j07hOHN0faDngHMSNE=
-57,22,6/dTtFD1sCeI2x4i/5XPZXJQHAU=,D2oBH80c0j07hOHN0faDngHMSNE=
-51,22,6/dTtFD1sCeI2x4i/5XPZXJQHAU=,D2oBH80c0j07hOHN0faDngHMSNE=
-50,23,6/dTtFD1sCeI2x4i/5XPZXJQHAU=,D2oBH80c0j07hOHN0faDngHMSNE=
-57,31,6/dTtFD1sCeI2x4i/5XPZXJQHAU=,D2oBH80c0j07hOHN0faDngHMSNE=
-55,18,6/dTtFD1sCeI2x4i/5XPZXJQHAU=,D2oBH80c0j07hOHN0faDngHMSNE=
-51,16,6/dTtFD1sCeI2x4i/5XPZXJQHAU=,D2oBH80c0j07hOHN0faDngHMSNE=
-53,24,6/dTtFD1sCeI2x4i/5XPZXJQHAU=,D2oBH80c0j07hOHN0faDngHMSNE=
-54,23,6/dTtFD1sCeI2x4i/5XPZXJQHAU=,D2oBH80c0j07hOHN0faDngHMSNE=
-54,18,6/dTtFD1sCeI2x4i/5XPZXJQHAU=,D2oBH80c0j07hOHN0faDngHMSNE=
-51,23,6/dTtFD1sCeI2x4i/5XPZXJQHAU=,D2oBH80c0j07hOHN0faDngHMSNE=
-49,22,6/dTtFD1sCeI2x4i/5XPZXJQHAU=,D2oBH80c0j07hOHN0faDngHMSNE=
-54,22,6/dTtFD1sCeI2x4i/5XPZXJQHAU=,D2oBH80c0j07hOHN0faDngHMSNE=
-57,23,6/dTtFD1sCeI2x4i/5XPZXJQHAU=,D2oBH80c0j07hOHN0faDngHMSNE=
-52,22,6/dTtFD1sCeI2x4i/5XPZXJQHAU=,D2oBH80c0j07hOHN0faDngHMSNE=
-52,23,6/dTtFD1sCeI2x4i/5XPZXJQHAU=,D2oBH80c0j07hOHN0faDngHMSNE=
-57,25,6/dTtFD1sCeI2x4i/5XPZXJQHAU=,D2oBH80c0j07hOHN0faDngHMSNE=
-52,24,6/dTtFD1sCeI2x4i/5XPZXJQHAU=,D2oBH80c0j07hOHN0faDngHMSNE=
-53,23,6/dTtFD1sCeI2x4i/5XPZXJQHAU=,D2oBH80c0j07hOHN0faDngHMSNE=
-57,21,6/dTtFD1sCeI2x4i/5XPZXJQHAU=,D2oBH80c0j07hOHN0faDngHMSNE=
-56,17,6/dTtFD1sCeI2x4i/5XPZXJQHAU=,D2oBH80c0j07hOHN0faDngHMSNE=
-49,24,6/dTtFD1sCeI2x4i/5XPZXJQHAU=,D2oBH80c0j07hOHN0faDngHMSNE=
-53,18,6/dTtFD1sCeI2x4i/5XPZXJQHAU=,D2oBH80c0j07hOHN0faDngHMSNE=
-56,23,6/dTtFD1sCeI2x4i/5XPZXJQHAU=,D2oBH80c0j07hOHN0faDngHMSNE=
-51,24,6/dTtFD1sCeI2x4i/5XPZXJQHAU=,D2oBH80c0j07hOHN0faDngHMSNE=
-50,24,6/dTtFD1sCeI2x4i/5XPZXJQHAU=,D2oBH80c0j07hOHN0faDngHMSNE=
-52,25,6/dTtFD1sCeI2x4i/5XPZXJQHAU=,D2oBH80c0j07hOHN0faDngHMSNE=
-57,28,6/dTtFD1sCeI2x4i/5XPZXJQHAU=,D2oBH80c0j07hOHN0faDngHMSNE=
-55,23,6/dTtFD1sCeI2x4i/5XPZXJQHAU=,D2oBH80c0j07hOHN0faDngHMSNE=
-56,25,6/dTtFD1sCeI2x4i/5XPZXJQHAU=,D2oBH80c0j07hOHN0faDngHMSNE=
-55,24,6/dTtFD1sCeI2x4i/5XPZXJQHAU=,D2oBH80c0j07hOHN0faDngHMSNE=
-57,27,6/dTtFD1sCeI2x4i/5XPZXJQHAU=,D2oBH80c0j07hOHN0faDngHMSNE=
-57,26,6/dTtFD1sCeI2x4i/5XPZXJQHAU=,D2oBH80c0j07hOHN0faDngHMSNE=
-57,19,6/dTtFD1sCeI2x4i/5XPZXJQHAU=,D2oBH80c0j07hOHN0faDngHMSNE=
-55,25,6/dTtFD1sCeI2x4i/5XPZXJQHAU=,D2oBH80c0j07hOHN0faDngHMSNE=
-50,25,6/dTtFD1sCeI2x4i/5XPZXJQHAU=,D2oBH80c0j07hOHN0faDngHMSNE=
-53,25,6/dTtFD1sCeI2x4i/5XPZXJQHAU=,D2oBH80c0j07hOHN0faDngHMSNE=
-54,25,6/dTtFD1sCeI2x4i/5XPZXJQHAU=,D2oBH80c0j07hOHN0faDngHMSNE=
-51,25,6/dTtFD1sCeI2x4i/5XPZXJQHAU=,D2oBH80c0j07hOHN0faDngHMSNE=
-49,25,6/dTtFD1sCeI2x4i/5XPZXJQHAU=,D2oBH80c0j07hOHN0faDngHMSNE=
-56,24,6/dTtFD1sCeI2x4i/5XPZXJQHAU=,D2oBH80c0j07hOHN0faDngHMSNE=
-54,24,6/dTtFD1sCeI2x4i/5XPZXJQHAU=,D2oBH80c0j07hOHN0faDngHMSNE=
-57,24,6/dTtFD1sCeI2x4i/5XPZXJQHAU=,D2oBH80c0j07hOHN0faDngHMSNE=
-57,30,6/dTtFD1sCeI2x4i/5XPZXJQHAU=,D2oBH80c0j07hOHN0faDngHMSNE=
-57,29,6/dTtFD1sCeI2x4i/5XPZXJQHAU=,D2oBH80c0j07hOHN0faDngHMSNE=
-52,26,6/dTtFD1sCeI2x4i/5XPZXJQHAU=,D2oBH80c0j07hOHN0faDngHMSNE=
-50,26,6/dTtFD1sCeI2x4i/5XPZXJQHAU=,D2oBH80c0j07hOHN0faDngHMSNE=
-50,16,6/dTtFD1sCeI2x4i/5XPZXJQHAU=,D2oBH80c0j07hOHN0faDngHMSNE=
-52,27,6/dTtFD1sCeI2x4i/5XPZXJQHAU=,D2oBH80c0j07hOHN0faDngHMSNE=
-49,31,6/dTtFD1sCeI2x4i/5XPZXJQHAU=,D2oBH80c0j07hOHN0faDngHMSNE=
-51,26,6/dTtFD1sCeI2x4i/5XPZXJQHAU=,D2oBH80c0j07hOHN0faDngHMSNE=
-53,27,6/dTtFD1sCeI2x4i/5XPZXJQHAU=,D2oBH80c0j07hOHN0faDngHMSNE=
-53,26,6/dTtFD1sCeI2x4i/5XPZXJQHAU=,D2oBH80c0j07hOHN0faDngHMSNE=
-55,27,6/dTtFD1sCeI2x4i/5XPZXJQHAU=,D2oBH80c0j07hOHN0faDngHMSNE=
-56,26,tkXkuAmL2O/KlbcdwoTjIlzQ+ZY=,D2oBH80c0j07hOHN0faDngHMSNE=
-54,27,tkXkuAmL2O/KlbcdwoTjIlzQ+ZY=,D2oBH80c0j07hOHN0faDngHMSNE=
-55,26,tkXkuAmL2O/KlbcdwoTjIlzQ+ZY=,D2oBH80c0j07hOHN0faDngHMSNE=
-56,27,tkXkuAmL2O/KlbcdwoTjIlzQ+ZY=,D2oBH80c0j07hOHN0faDngHMSNE=
-53,28,tkXkuAmL2O/KlbcdwoTjIlzQ+ZY=,D2oBH80c0j07hOHN0faDngHMSNE=
-51,27,tkXkuAmL2O/KlbcdwoTjIlzQ+ZY=,D2oBH80c0j07hOHN0faDngHMSNE=
-49,26,tkXkuAmL2O/KlbcdwoTjIlzQ+ZY=,D2oBH80c0j07hOHN0faDngHMSNE=
-51,18,tkXkuAmL2O/KlbcdwoTjIlzQ+ZY=,D2oBH80c0j07hOHN0faDngHMSNE=
-54,26,tkXkuAmL2O/KlbcdwoTjIlzQ+ZY=,D2oBH80c0j07hOHN0faDngHMSNE=
-52,18,tkXkuAmL2O/KlbcdwoTjIlzQ+ZY=,D2oBH80c0j07hOHN0faDngHMSNE=
-54,19,tkXkuAmL2O/KlbcdwoTjIlzQ+ZY=,D2oBH80c0j07hOHN0faDngHMSNE=
-56,16,tkXkuAmL2O/KlbcdwoTjIlzQ+ZY=,D2oBH80c0j07hOHN0faDngHMSNE=
-50,31,tkXkuAmL2O/KlbcdwoTjIlzQ+ZY=,D2oBH80c0j07hOHN0faDngHMSNE=
-51,31,tkXkuAmL2O/KlbcdwoTjIlzQ+ZY=,D2oBH80c0j07hOHN0faDngHMSNE=
-54,31,tkXkuAmL2O/KlbcdwoTjIlzQ+ZY=,D2oBH80c0j07hOHN0faDngHMSNE=
-55,16,tkXkuAmL2O/KlbcdwoTjIlzQ+ZY=,D2oBH80c0j07hOHN0faDngHMSNE=
-51,30,tkXkuAmL2O/KlbcdwoTjIlzQ+ZY=,D2oBH80c0j07hOHN0faDngHMSNE=
-56,31,tkXkuAmL2O/KlbcdwoTjIlzQ+ZY=,D2oBH80c0j07hOHN0faDngHMSNE=
-49,27,tkXkuAmL2O/KlbcdwoTjIlzQ+ZY=,D2oBH80c0j07hOHN0faDngHMSNE=
-52,30,tkXkuAmL2O/KlbcdwoTjIlzQ+ZY=,D2oBH80c0j07hOHN0faDngHMSNE=
-50,27,tkXkuAmL2O/KlbcdwoTjIlzQ+ZY=,D2oBH80c0j07hOHN0faDngHMSNE=
-55,29,tkXkuAmL2O/KlbcdwoTjIlzQ+ZY=,D2oBH80c0j07hOHN0faDngHMSNE=
-52,31,tkXkuAmL2O/KlbcdwoTjIlzQ+ZY=,D2oBH80c0j07hOHN0faDngHMSNE=
-55,31,tkXkuAmL2O/KlbcdwoTjIlzQ+ZY=,D2oBH80c0j07hOHN0faDngHMSNE=
-50,29,tkXkuAmL2O/KlbcdwoTjIlzQ+ZY=,D2oBH80c0j07hOHN0faDngHMSNE=
-54,28,tkXkuAmL2O/KlbcdwoTjIlzQ+ZY=,D2oBH80c0j07hOHN0faDngHMSNE=
-54,29,tkXkuAmL2O/KlbcdwoTjIlzQ+ZY=,D2oBH80c0j07hOHN0faDngHMSNE=
-50,28,tkXkuAmL2O/KlbcdwoTjIlzQ+ZY=,D2oBH80c0j07hOHN0faDngHMSNE=
-51,28,tkXkuAmL2O/KlbcdwoTjIlzQ+ZY=,D2oBH80c0j07hOHN0faDngHMSNE=
-54,30,tkXkuAmL2O/KlbcdwoTjIlzQ+ZY=,D2oBH80c0j07hOHN0faDngHMSNE=
-53,29,tkXkuAmL2O/KlbcdwoTjIlzQ+ZY=,D2oBH80c0j07hOHN0faDngHMSNE=
-56,29,tkXkuAmL2O/KlbcdwoTjIlzQ+ZY=,D2oBH80c0j07hOHN0faDngHMSNE=
-53,31,tkXkuAmL2O/KlbcdwoTjIlzQ+ZY=,D2oBH80c0j07hOHN0faDngHMSNE=
-49,29,tkXkuAmL2O/KlbcdwoTjIlzQ+ZY=,D2oBH80c0j07hOHN0faDngHMSNE=
-55,30,tkXkuAmL2O/KlbcdwoTjIlzQ+ZY=,D2oBH80c0j07hOHN0faDngHMSNE=
-50,18,tkXkuAmL2O/KlbcdwoTjIlzQ+ZY=,D2oBH80c0j07hOHN0faDngHMSNE=
-49,30,tkXkuAmL2O/KlbcdwoTjIlzQ+ZY=,D2oBH80c0j07hOHN0faDngHMSNE=
-53,16,tkXkuAmL2O/KlbcdwoTjIlzQ+ZY=,D2oBH80c0j07hOHN0faDngHMSNE=
-55,19,tkXkuAmL2O/KlbcdwoTjIlzQ+ZY=,D2oBH80c0j07hOHN0faDngHMSNE=
-55,28,tkXkuAmL2O/KlbcdwoTjIlzQ+ZY=,D2oBH80c0j07hOHN0faDngHMSNE=
-53,30,tkXkuAmL2O/KlbcdwoTjIlzQ+ZY=,D2oBH80c0j07hOHN0faDngHMSNE=
-56,28,tkXkuAmL2O/KlbcdwoTjIlzQ+ZY=,D2oBH80c0j07hOHN0faDngHMSNE=
-52,28,tkXkuAmL2O/KlbcdwoTjIlzQ+ZY=,D2oBH80c0j07hOHN0faDngHMSNE=
-49,28,tkXkuAmL2O/KlbcdwoTjIlzQ+ZY=,D2oBH80c0j07hOHN0faDngHMSNE=
-49,16,tkXkuAmL2O/KlbcdwoTjIlzQ+ZY=,D2oBH80c0j07hOHN0faDngHMSNE=
-49,18,tkXkuAmL2O/KlbcdwoTjIlzQ+ZY=,D2oBH80c0j07hOHN0faDngHMSNE=
-50,30,tkXkuAmL2O/KlbcdwoTjIlzQ+ZY=,D2oBH80c0j07hOHN0faDngHMSNE=
-51,29,tkXkuAmL2O/KlbcdwoTjIlzQ+ZY=,D2oBH80c0j07hOHN0faDngHMSNE=
-56,30,tkXkuAmL2O/KlbcdwoTjIlzQ+ZY=,D2oBH80c0j07hOHN0faDngHMSNE=
-52,29,tkXkuAmL2O/KlbcdwoTjIlzQ+ZY=,D2oBH80c0j07hOHN0faDngHMSNE=
-56,19,tkXkuAmL2O/KlbcdwoTjIlzQ+ZY=,D2oBH80c0j07hOHN0faDngHMSNE=
-37,25,UmrohBpKmTZS6b1bLhFArwWC5tE=,fMFaewi1ZlkgnqkVU2FV1gPbAZQ=
-38,25,UmrohBpKmTZS6b1bLhFArwWC5tE=,fMFaewi1ZlkgnqkVU2FV1gPbAZQ=
-34,25,UmrohBpKmTZS6b1bLhFArwWC5tE=,fMFaewi1ZlkgnqkVU2FV1gPbAZQ=
-36,25,UmrohBpKmTZS6b1bLhFArwWC5tE=,fMFaewi1ZlkgnqkVU2FV1gPbAZQ=
-39,25,UmrohBpKmTZS6b1bLhFArwWC5tE=,fMFaewi1ZlkgnqkVU2FV1gPbAZQ=
-33,25,UmrohBpKmTZS6b1bLhFArwWC5tE=,fMFaewi1ZlkgnqkVU2FV1gPbAZQ=
-34,31,UmrohBpKmTZS6b1bLhFArwWC5tE=,fMFaewi1ZlkgnqkVU2FV1gPbAZQ=
-43,31,UmrohBpKmTZS6b1bLhFArwWC5tE=,fMFaewi1ZlkgnqkVU2FV1gPbAZQ=
-35,25,UmrohBpKmTZS6b1bLhFArwWC5tE=,fMFaewi1ZlkgnqkVU2FV1gPbAZQ=
-33,19,UmrohBpKmTZS6b1bLhFArwWC5tE=,fMFaewi1ZlkgnqkVU2FV1gPbAZQ=
-33,31,UmrohBpKmTZS6b1bLhFArwWC5tE=,fMFaewi1ZlkgnqkVU2FV1gPbAZQ=
-34,19,UmrohBpKmTZS6b1bLhFArwWC5tE=,fMFaewi1ZlkgnqkVU2FV1gPbAZQ=
-41,31,UmrohBpKmTZS6b1bLhFArwWC5tE=,fMFaewi1ZlkgnqkVU2FV1gPbAZQ=
-42,31,UmrohBpKmTZS6b1bLhFArwWC5tE=,fMFaewi1ZlkgnqkVU2FV1gPbAZQ=
-45,31,UmrohBpKmTZS6b1bLhFArwWC5tE=,fMFaewi1ZlkgnqkVU2FV1gPbAZQ=
-35,31,UmrohBpKmTZS6b1bLhFArwWC5tE=,fMFaewi1ZlkgnqkVU2FV1gPbAZQ=
-37,31,UmrohBpKmTZS6b1bLhFArwWC5tE=,fMFaewi1ZlkgnqkVU2FV1gPbAZQ=
-44,31,UmrohBpKmTZS6b1bLhFArwWC5tE=,fMFaewi1ZlkgnqkVU2FV1gPbAZQ=
-46,31,UmrohBpKmTZS6b1bLhFArwWC5tE=,fMFaewi1ZlkgnqkVU2FV1gPbAZQ=
-38,31,UmrohBpKmTZS6b1bLhFArwWC5tE=,fMFaewi1ZlkgnqkVU2FV1gPbAZQ=
-34,29,UmrohBpKmTZS6b1bLhFArwWC5tE=,fMFaewi1ZlkgnqkVU2FV1gPbAZQ=
-39,31,UmrohBpKmTZS6b1bLhFArwWC5tE=,fMFaewi1ZlkgnqkVU2FV1gPbAZQ=
-36,31,UmrohBpKmTZS6b1bLhFArwWC5tE=,fMFaewi1ZlkgnqkVU2FV1gPbAZQ=
-33,29,UmrohBpKmTZS6b1bLhFArwWC5tE=,fMFaewi1ZlkgnqkVU2FV1gPbAZQ=
-43,30,UmrohBpKmTZS6b1bLhFArwWC5tE=,fMFaewi1ZlkgnqkVU2FV1gPbAZQ=
-36,29,UmrohBpKmTZS6b1bLhFArwWC5tE=,fMFaewi1ZlkgnqkVU2FV1gPbAZQ=
-37,29,UmrohBpKmTZS6b1bLhFArwWC5tE=,fMFaewi1ZlkgnqkVU2FV1gPbAZQ=
-34,30,UmrohBpKmTZS6b1bLhFArwWC5tE=,fMFaewi1ZlkgnqkVU2FV1gPbAZQ=
-40,31,UmrohBpKmTZS6b1bLhFArwWC5tE=,fMFaewi1ZlkgnqkVU2FV1gPbAZQ=
-35,30,UmrohBpKmTZS6b1bLhFArwWC5tE=,fMFaewi1ZlkgnqkVU2FV1gPbAZQ=
-41,29,UmrohBpKmTZS6b1bLhFArwWC5tE=,fMFaewi1ZlkgnqkVU2FV1gPbAZQ=
-33,30,UmrohBpKmTZS6b1bLhFArwWC5tE=,fMFaewi1ZlkgnqkVU2FV1gPbAZQ=
-38,29,UmrohBpKmTZS6b1bLhFArwWC5tE=,fMFaewi1ZlkgnqkVU2FV1gPbAZQ=
-35,29,UmrohBpKmTZS6b1bLhFArwWC5tE=,fMFaewi1ZlkgnqkVU2FV1gPbAZQ=
-42,30,UmrohBpKmTZS6b1bLhFArwWC5tE=,fMFaewi1ZlkgnqkVU2FV1gPbAZQ=
-48,31,UmrohBpKmTZS6b1bLhFArwWC5tE=,fMFaewi1ZlkgnqkVU2FV1gPbAZQ=
-37,30,UmrohBpKmTZS6b1bLhFArwWC5tE=,fMFaewi1ZlkgnqkVU2FV1gPbAZQ=
-44,30,gM7LAxDM7dFGytCxuR8J9R8j/6g=,fMFaewi1ZlkgnqkVU2FV1gPbAZQ=
-39,30,gM7LAxDM7dFGytCxuR8J9R8j/6g=,fMFaewi1ZlkgnqkVU2FV1gPbAZQ=
-40,30,gM7LAxDM7dFGytCxuR8J9R8j/6g=,fMFaewi1ZlkgnqkVU2FV1gPbAZQ=
-38,30,gM7LAxDM7dFGytCxuR8J9R8j/6g=,fMFaewi1ZlkgnqkVU2FV1gPbAZQ=
-33,28,gM7LAxDM7dFGytCxuR8J9R8j/6g=,fMFaewi1ZlkgnqkVU2FV1gPbAZQ=
-47,31,gM7LAxDM7dFGytCxuR8J9R8j/6g=,fMFaewi1ZlkgnqkVU2FV1gPbAZQ=
-45,29,gM7LAxDM7dFGytCxuR8J9R8j/6g=,fMFaewi1ZlkgnqkVU2FV1gPbAZQ=
-35,19,gM7LAxDM7dFGytCxuR8J9R8j/6g=,fMFaewi1ZlkgnqkVU2FV1gPbAZQ=
-47,29,gM7LAxDM7dFGytCxuR8J9R8j/6g=,fMFaewi1ZlkgnqkVU2FV1gPbAZQ=
-40,29,gM7LAxDM7dFGytCxuR8J9R8j/6g=,fMFaewi1ZlkgnqkVU2FV1gPbAZQ=
-43,29,gM7LAxDM7dFGytCxuR8J9R8j/6g=,fMFaewi1ZlkgnqkVU2FV1gPbAZQ=
-39,29,gM7LAxDM7dFGytCxuR8J9R8j/6g=,fMFaewi1ZlkgnqkVU2FV1gPbAZQ=
-36,30,gM7LAxDM7dFGytCxuR8J9R8j/6g=,fMFaewi1ZlkgnqkVU2FV1gPbAZQ=
-44,29,gM7LAxDM7dFGytCxuR8J9R8j/6g=,fMFaewi1ZlkgnqkVU2FV1gPbAZQ=
-46,30,gM7LAxDM7dFGytCxuR8J9R8j/6g=,fMFaewi1ZlkgnqkVU2FV1gPbAZQ=
-37,19,gM7LAxDM7dFGytCxuR8J9R8j/6g=,fMFaewi1ZlkgnqkVU2FV1gPbAZQ=
-34,28,gM7LAxDM7dFGytCxuR8J9R8j/6g=,fMFaewi1ZlkgnqkVU2FV1gPbAZQ=
-45,30,gM7LAxDM7dFGytCxuR8J9R8j/6g=,fMFaewi1ZlkgnqkVU2FV1gPbAZQ=
-48,29,gM7LAxDM7dFGytCxuR8J9R8j/6g=,fMFaewi1ZlkgnqkVU2FV1gPbAZQ=
-46,29,gM7LAxDM7dFGytCxuR8J9R8j/6g=,fMFaewi1ZlkgnqkVU2FV1gPbAZQ=
-42,25,gM7LAxDM7dFGytCxuR8J9R8j/6g=,fMFaewi1ZlkgnqkVU2FV1gPbAZQ=
-47,30,gM7LAxDM7dFGytCxuR8J9R8j/6g=,fMFaewi1ZlkgnqkVU2FV1gPbAZQ=
-35,28,gM7LAxDM7dFGytCxuR8J9R8j/6g=,fMFaewi1ZlkgnqkVU2FV1gPbAZQ=
-43,25,gM7LAxDM7dFGytCxuR8J9R8j/6g=,fMFaewi1ZlkgnqkVU2FV1gPbAZQ=
-36,28,gM7LAxDM7dFGytCxuR8J9R8j/6g=,fMFaewi1ZlkgnqkVU2FV1gPbAZQ=
-42,29,gM7LAxDM7dFGytCxuR8J9R8j/6g=,fMFaewi1ZlkgnqkVU2FV1gPbAZQ=
-36,19,gM7LAxDM7dFGytCxuR8J9R8j/6g=,fMFaewi1ZlkgnqkVU2FV1gPbAZQ=
-40,25,gM7LAxDM7dFGytCxuR8J9R8j/6g=,fMFaewi1ZlkgnqkVU2FV1gPbAZQ=
-44,25,gM7LAxDM7dFGytCxuR8J9R8j/6g=,fMFaewi1ZlkgnqkVU2FV1gPbAZQ=
-37,28,gM7LAxDM7dFGytCxuR8J9R8j/6g=,fMFaewi1ZlkgnqkVU2FV1gPbAZQ=
-41,28,gM7LAxDM7dFGytCxuR8J9R8j/6g=,fMFaewi1ZlkgnqkVU2FV1gPbAZQ=
-41,25,gM7LAxDM7dFGytCxuR8J9R8j/6g=,fMFaewi1ZlkgnqkVU2FV1gPbAZQ=
-40,28,gM7LAxDM7dFGytCxuR8J9R8j/6g=,fMFaewi1ZlkgnqkVU2FV1gPbAZQ=
-41,30,gM7LAxDM7dFGytCxuR8J9R8j/6g=,fMFaewi1ZlkgnqkVU2FV1gPbAZQ=
-39,28,gM7LAxDM7dFGytCxuR8J9R8j/6g=,fMFaewi1ZlkgnqkVU2FV1gPbAZQ=
-38,28,gM7LAxDM7dFGytCxuR8J9R8j/6g=,fMFaewi1ZlkgnqkVU2FV1gPbAZQ=
-44,28,gM7LAxDM7dFGytCxuR8J9R8j/6g=,fMFaewi1ZlkgnqkVU2FV1gPbAZQ=
-43,28,gM7LAxDM7dFGytCxuR8J9R8j/6g=,fMFaewi1ZlkgnqkVU2FV1gPbAZQ=
-42,28,gM7LAxDM7dFGytCxuR8J9R8j/6g=,fMFaewi1ZlkgnqkVU2FV1gPbAZQ=
-45,28,gM7LAxDM7dFGytCxuR8J9R8j/6g=,fMFaewi1ZlkgnqkVU2FV1gPbAZQ=
-39,19,gM7LAxDM7dFGytCxuR8J9R8j/6g=,fMFaewi1ZlkgnqkVU2FV1gPbAZQ=
-47,28,gM7LAxDM7dFGytCxuR8J9R8j/6g=,fMFaewi1ZlkgnqkVU2FV1gPbAZQ=
-33,27,gM7LAxDM7dFGytCxuR8J9R8j/6g=,fMFaewi1ZlkgnqkVU2FV1gPbAZQ=
-46,25,gM7LAxDM7dFGytCxuR8J9R8j/6g=,fMFaewi1ZlkgnqkVU2FV1gPbAZQ=
-45,25,gM7LAxDM7dFGytCxuR8J9R8j/6g=,fMFaewi1ZlkgnqkVU2FV1gPbAZQ=
-46,28,gM7LAxDM7dFGytCxuR8J9R8j/6g=,fMFaewi1ZlkgnqkVU2FV1gPbAZQ=
-36,16,gM7LAxDM7dFGytCxuR8J9R8j/6g=,fMFaewi1ZlkgnqkVU2FV1gPbAZQ=
-35,27,gM7LAxDM7dFGytCxuR8J9R8j/6g=,fMFaewi1ZlkgnqkVU2FV1gPbAZQ=
-37,27,gM7LAxDM7dFGytCxuR8J9R8j/6g=,fMFaewi1ZlkgnqkVU2FV1gPbAZQ=
-38,27,gM7LAxDM7dFGytCxuR8J9R8j/6g=,fMFaewi1ZlkgnqkVU2FV1gPbAZQ=
-48,28,gM7LAxDM7dFGytCxuR8J9R8j/6g=,fMFaewi1ZlkgnqkVU2FV1gPbAZQ=
-39,27,gM7LAxDM7dFGytCxuR8J9R8j/6g=,fMFaewi1ZlkgnqkVU2FV1gPbAZQ=
-36,27,gM7LAxDM7dFGytCxuR8J9R8j/6g=,fMFaewi1ZlkgnqkVU2FV1gPbAZQ=
-40,27,gM7LAxDM7dFGytCxuR8J9R8j/6g=,fMFaewi1ZlkgnqkVU2FV1gPbAZQ=
-34,27,gM7LAxDM7dFGytCxuR8J9R8j/6g=,fMFaewi1ZlkgnqkVU2FV1gPbAZQ=
-38,19,gM7LAxDM7dFGytCxuR8J9R8j/6g=,fMFaewi1ZlkgnqkVU2FV1gPbAZQ=
-48,30,gM7LAxDM7dFGytCxuR8J9R8j/6g=,fMFaewi1ZlkgnqkVU2FV1gPbAZQ=
-47,27,gM7LAxDM7dFGytCxuR8J9R8j/6g=,fMFaewi1ZlkgnqkVU2FV1gPbAZQ=
-48,27,gM7LAxDM7dFGytCxuR8J9R8j/6g=,fMFaewi1ZlkgnqkVU2FV1gPbAZQ=
-43,27,gM7LAxDM7dFGytCxuR8J9R8j/6g=,fMFaewi1ZlkgnqkVU2FV1gPbAZQ=
-41,27,gM7LAxDM7dFGytCxuR8J9R8j/6g=,fMFaewi1ZlkgnqkVU2FV1gPbAZQ=
-42,27,gM7LAxDM7dFGytCxuR8J9R8j/6g=,fMFaewi1ZlkgnqkVU2FV1gPbAZQ=
-36,26,gM7LAxDM7dFGytCxuR8J9R8j/6g=,fMFaewi1ZlkgnqkVU2FV1gPbAZQ=
-37,26,gM7LAxDM7dFGytCxuR8J9R8j/6g=,fMFaewi1ZlkgnqkVU2FV1gPbAZQ=
-38,26,gM7LAxDM7dFGytCxuR8J9R8j/6g=,fMFaewi1ZlkgnqkVU2FV1gPbAZQ=
-47,25,gM7LAxDM7dFGytCxuR8J9R8j/6g=,fMFaewi1ZlkgnqkVU2FV1gPbAZQ=
-46,27,gM7LAxDM7dFGytCxuR8J9R8j/6g=,fMFaewi1ZlkgnqkVU2FV1gPbAZQ=
-45,27,gM7LAxDM7dFGytCxuR8J9R8j/6g=,fMFaewi1ZlkgnqkVU2FV1gPbAZQ=
-44,27,gM7LAxDM7dFGytCxuR8J9R8j/6g=,fMFaewi1ZlkgnqkVU2FV1gPbAZQ=
-40,26,gM7LAxDM7dFGytCxuR8J9R8j/6g=,fMFaewi1ZlkgnqkVU2FV1gPbAZQ=
-41,26,gM7LAxDM7dFGytCxuR8J9R8j/6g=,fMFaewi1ZlkgnqkVU2FV1gPbAZQ=
-42,26,gM7LAxDM7dFGytCxuR8J9R8j/6g=,fMFaewi1ZlkgnqkVU2FV1gPbAZQ=
-34,26,gM7LAxDM7dFGytCxuR8J9R8j/6g=,fMFaewi1ZlkgnqkVU2FV1gPbAZQ=
-39,26,gM7LAxDM7dFGytCxuR8J9R8j/6g=,fMFaewi1ZlkgnqkVU2FV1gPbAZQ=
-35,26,gM7LAxDM7dFGytCxuR8J9R8j/6g=,fMFaewi1ZlkgnqkVU2FV1gPbAZQ=
-34,24,gM7LAxDM7dFGytCxuR8J9R8j/6g=,fMFaewi1ZlkgnqkVU2FV1gPbAZQ=
-35,24,gM7LAxDM7dFGytCxuR8J9R8j/6g=,fMFaewi1ZlkgnqkVU2FV1gPbAZQ=
-36,24,gM7LAxDM7dFGytCxuR8J9R8j/6g=,fMFaewi1ZlkgnqkVU2FV1gPbAZQ=
-43,26,gM7LAxDM7dFGytCxuR8J9R8j/6g=,fMFaewi1ZlkgnqkVU2FV1gPbAZQ=
-38,24,gM7LAxDM7dFGytCxuR8J9R8j/6g=,fMFaewi1ZlkgnqkVU2FV1gPbAZQ=
-33,24,gM7LAxDM7dFGytCxuR8J9R8j/6g=,fMFaewi1ZlkgnqkVU2FV1gPbAZQ=
-37,24,gM7LAxDM7dFGytCxuR8J9R8j/6g=,fMFaewi1ZlkgnqkVU2FV1gPbAZQ=
-35,16,gM7LAxDM7dFGytCxuR8J9R8j/6g=,fMFaewi1ZlkgnqkVU2FV1gPbAZQ=
-40,19,gM7LAxDM7dFGytCxuR8J9R8j/6g=,fMFaewi1ZlkgnqkVU2FV1gPbAZQ=
-41,24,gM7LAxDM7dFGytCxuR8J9R8j/6g=,fMFaewi1ZlkgnqkVU2FV1gPbAZQ=
-42,24,gM7LAxDM7dFGytCxuR8J9R8j/6g=,fMFaewi1ZlkgnqkVU2FV1gPbAZQ=
-42,19,gM7LAxDM7dFGytCxuR8J9R8j/6g=,fMFaewi1ZlkgnqkVU2FV1gPbAZQ=
-47,24,gM7LAxDM7dFGytCxuR8J9R8j/6g=,fMFaewi1ZlkgnqkVU2FV1gPbAZQ=
-45,26,gM7LAxDM7dFGytCxuR8J9R8j/6g=,fMFaewi1ZlkgnqkVU2FV1gPbAZQ=
-48,26,gM7LAxDM7dFGytCxuR8J9R8j/6g=,fMFaewi1ZlkgnqkVU2FV1gPbAZQ=
-33,26,gM7LAxDM7dFGytCxuR8J9R8j/6g=,fMFaewi1ZlkgnqkVU2FV1gPbAZQ=
-47,19,gM7LAxDM7dFGytCxuR8J9R8j/6g=,fMFaewi1ZlkgnqkVU2FV1gPbAZQ=
-48,25,gM7LAxDM7dFGytCxuR8J9R8j/6g=,fMFaewi1ZlkgnqkVU2FV1gPbAZQ=
-34,16,gM7LAxDM7dFGytCxuR8J9R8j/6g=,fMFaewi1ZlkgnqkVU2FV1gPbAZQ=
-43,19,gM7LAxDM7dFGytCxuR8J9R8j/6g=,fMFaewi1ZlkgnqkVU2FV1gPbAZQ=
-46,26,gM7LAxDM7dFGytCxuR8J9R8j/6g=,fMFaewi1ZlkgnqkVU2FV1gPbAZQ=
-33,16,gM7LAxDM7dFGytCxuR8J9R8j/6g=,fMFaewi1ZlkgnqkVU2FV1gPbAZQ=
-40,24,gM7LAxDM7dFGytCxuR8J9R8j/6g=,fMFaewi1ZlkgnqkVU2FV1gPbAZQ=
-39,24,gM7LAxDM7dFGytCxuR8J9R8j/6g=,fMFaewi1ZlkgnqkVU2FV1gPbAZQ=
-44,19,gM7LAxDM7dFGytCxuR8J9R8j/6g=,fMFaewi1ZlkgnqkVU2FV1gPbAZQ=
-45,24,gM7LAxDM7dFGytCxuR8J9R8j/6g=,fMFaewi1ZlkgnqkVU2FV1gPbAZQ=
-46,19,gM7LAxDM7dFGytCxuR8J9R8j/6g=,fMFaewi1ZlkgnqkVU2FV1gPbAZQ=
-44,26,gM7LAxDM7dFGytCxuR8J9R8j/6g=,fMFaewi1ZlkgnqkVU2FV1gPbAZQ=
-45,19,gM7LAxDM7dFGytCxuR8J9R8j/6g=,fMFaewi1ZlkgnqkVU2FV1gPbAZQ=
-46,24,gM7LAxDM7dFGytCxuR8J9R8j/6g=,fMFaewi1ZlkgnqkVU2FV1gPbAZQ=
-44,24,gM7LAxDM7dFGytCxuR8J9R8j/6g=,fMFaewi1ZlkgnqkVU2FV1gPbAZQ=
-43,24,gM7LAxDM7dFGytCxuR8J9R8j/6g=,fMFaewi1ZlkgnqkVU2FV1gPbAZQ=
-48,19,gM7LAxDM7dFGytCxuR8J9R8j/6g=,fMFaewi1ZlkgnqkVU2FV1gPbAZQ=
-43,16,gM7LAxDM7dFGytCxuR8J9R8j/6g=,fMFaewi1ZlkgnqkVU2FV1gPbAZQ=
-46,17,gM7LAxDM7dFGytCxuR8J9R8j/6g=,fMFaewi1ZlkgnqkVU2FV1gPbAZQ=
-34,17,gM7LAxDM7dFGytCxuR8J9R8j/6g=,fMFaewi1ZlkgnqkVU2FV1gPbAZQ=
-35,17,gM7LAxDM7dFGytCxuR8J9R8j/6g=,fMFaewi1ZlkgnqkVU2FV1gPbAZQ=
-45,17,gM7LAxDM7dFGytCxuR8J9R8j/6g=,fMFaewi1ZlkgnqkVU2FV1gPbAZQ=
-44,17,gM7LAxDM7dFGytCxuR8J9R8j/6g=,fMFaewi1ZlkgnqkVU2FV1gPbAZQ=
-48,17,gM7LAxDM7dFGytCxuR8J9R8j/6g=,fMFaewi1ZlkgnqkVU2FV1gPbAZQ=
-33,17,gM7LAxDM7dFGytCxuR8J9R8j/6g=,fMFaewi1ZlkgnqkVU2FV1gPbAZQ=
-38,17,gM7LAxDM7dFGytCxuR8J9R8j/6g=,fMFaewi1ZlkgnqkVU2FV1gPbAZQ=
-47,17,gM7LAxDM7dFGytCxuR8J9R8j/6g=,fMFaewi1ZlkgnqkVU2FV1gPbAZQ=
-42,16,gM7LAxDM7dFGytCxuR8J9R8j/6g=,fMFaewi1ZlkgnqkVU2FV1gPbAZQ=
-39,17,gM7LAxDM7dFGytCxuR8J9R8j/6g=,fMFaewi1ZlkgnqkVU2FV1gPbAZQ=
-36,17,gM7LAxDM7dFGytCxuR8J9R8j/6g=,fMFaewi1ZlkgnqkVU2FV1gPbAZQ=
-40,17,gM7LAxDM7dFGytCxuR8J9R8j/6g=,fMFaewi1ZlkgnqkVU2FV1gPbAZQ=
-42,17,gM7LAxDM7dFGytCxuR8J9R8j/6g=,fMFaewi1ZlkgnqkVU2FV1gPbAZQ=
-41,17,gM7LAxDM7dFGytCxuR8J9R8j/6g=,fMFaewi1ZlkgnqkVU2FV1gPbAZQ=
-43,17,gM7LAxDM7dFGytCxuR8J9R8j/6g=,fMFaewi1ZlkgnqkVU2FV1gPbAZQ=
-41,16,gM7LAxDM7dFGytCxuR8J9R8j/6g=,fMFaewi1ZlkgnqkVU2FV1gPbAZQ=
-37,17,gM7LAxDM7dFGytCxuR8J9R8j/6g=,fMFaewi1ZlkgnqkVU2FV1gPbAZQ=
-48,16,gM7LAxDM7dFGytCxuR8J9R8j/6g=,fMFaewi1ZlkgnqkVU2FV1gPbAZQ=
-47,20,gM7LAxDM7dFGytCxuR8J9R8j/6g=,fMFaewi1ZlkgnqkVU2FV1gPbAZQ=
-40,16,gM7LAxDM7dFGytCxuR8J9R8j/6g=,fMFaewi1ZlkgnqkVU2FV1gPbAZQ=
-48,20,gM7LAxDM7dFGytCxuR8J9R8j/6g=,fMFaewi1ZlkgnqkVU2FV1gPbAZQ=
-44,18,gM7LAxDM7dFGytCxuR8J9R8j/6g=,fMFaewi1ZlkgnqkVU2FV1gPbAZQ=
-36,20,gM7LAxDM7dFGytCxuR8J9R8j/6g=,fMFaewi1ZlkgnqkVU2FV1gPbAZQ=
-48,18,gM7LAxDM7dFGytCxuR8J9R8j/6g=,fMFaewi1ZlkgnqkVU2FV1gPbAZQ=
-33,20,gM7LAxDM7dFGytCxuR8J9R8j/6g=,fMFaewi1ZlkgnqkVU2FV1gPbAZQ=
-34,20,gM7LAxDM7dFGytCxuR8J9R8j/6g=,fMFaewi1ZlkgnqkVU2FV1gPbAZQ=
-42,18,gM7LAxDM7dFGytCxuR8J9R8j/6g=,fMFaewi1ZlkgnqkVU2FV1gPbAZQ=
-47,18,gM7LAxDM7dFGytCxuR8J9R8j/6g=,fMFaewi1ZlkgnqkVU2FV1gPbAZQ=
-43,18,ImUddz7pY8UDC/IHqU70rQlDQJI=,fMFaewi1ZlkgnqkVU2FV1gPbAZQ=
-46,20,ImUddz7pY8UDC/IHqU70rQlDQJI=,fMFaewi1ZlkgnqkVU2FV1gPbAZQ=
-37,20,ImUddz7pY8UDC/IHqU70rQlDQJI=,fMFaewi1ZlkgnqkVU2FV1gPbAZQ=
-46,18,ImUddz7pY8UDC/IHqU70rQlDQJI=,fMFaewi1ZlkgnqkVU2FV1gPbAZQ=
-39,16,ImUddz7pY8UDC/IHqU70rQlDQJI=,fMFaewi1ZlkgnqkVU2FV1gPbAZQ=
-47,16,ImUddz7pY8UDC/IHqU70rQlDQJI=,fMFaewi1ZlkgnqkVU2FV1gPbAZQ=
-45,16,ImUddz7pY8UDC/IHqU70rQlDQJI=,fMFaewi1ZlkgnqkVU2FV1gPbAZQ=
-38,16,ImUddz7pY8UDC/IHqU70rQlDQJI=,fMFaewi1ZlkgnqkVU2FV1gPbAZQ=
-45,20,ImUddz7pY8UDC/IHqU70rQlDQJI=,fMFaewi1ZlkgnqkVU2FV1gPbAZQ=
-35,21,ImUddz7pY8UDC/IHqU70rQlDQJI=,fMFaewi1ZlkgnqkVU2FV1gPbAZQ=
-44,20,ImUddz7pY8UDC/IHqU70rQlDQJI=,fMFaewi1ZlkgnqkVU2FV1gPbAZQ=
-35,20,ImUddz7pY8UDC/IHqU70rQlDQJI=,fMFaewi1ZlkgnqkVU2FV1gPbAZQ=
-33,21,ImUddz7pY8UDC/IHqU70rQlDQJI=,fMFaewi1ZlkgnqkVU2FV1gPbAZQ=
-34,21,ImUddz7pY8UDC/IHqU70rQlDQJI=,fMFaewi1ZlkgnqkVU2FV1gPbAZQ=
-43,20,ImUddz7pY8UDC/IHqU70rQlDQJI=,fMFaewi1ZlkgnqkVU2FV1gPbAZQ=
-45,18,ImUddz7pY8UDC/IHqU70rQlDQJI=,fMFaewi1ZlkgnqkVU2FV1gPbAZQ=
-42,20,ImUddz7pY8UDC/IHqU70rQlDQJI=,fMFaewi1ZlkgnqkVU2FV1gPbAZQ=
-41,18,ImUddz7pY8UDC/IHqU70rQlDQJI=,fMFaewi1ZlkgnqkVU2FV1gPbAZQ=
-38,20,ImUddz7pY8UDC/IHqU70rQlDQJI=,fMFaewi1ZlkgnqkVU2FV1gPbAZQ=
-39,20,ImUddz7pY8UDC/IHqU70rQlDQJI=,fMFaewi1ZlkgnqkVU2FV1gPbAZQ=
-48,21,ImUddz7pY8UDC/IHqU70rQlDQJI=,fMFaewi1ZlkgnqkVU2FV1gPbAZQ=
-41,20,ImUddz7pY8UDC/IHqU70rQlDQJI=,fMFaewi1ZlkgnqkVU2FV1gPbAZQ=
-47,21,ImUddz7pY8UDC/IHqU70rQlDQJI=,fMFaewi1ZlkgnqkVU2FV1gPbAZQ=
-40,20,ImUddz7pY8UDC/IHqU70rQlDQJI=,fMFaewi1ZlkgnqkVU2FV1gPbAZQ=
-46,16,ImUddz7pY8UDC/IHqU70rQlDQJI=,fMFaewi1ZlkgnqkVU2FV1gPbAZQ=
-33,22,ImUddz7pY8UDC/IHqU70rQlDQJI=,fMFaewi1ZlkgnqkVU2FV1gPbAZQ=
-35,22,ImUddz7pY8UDC/IHqU70rQlDQJI=,fMFaewi1ZlkgnqkVU2FV1gPbAZQ=
-46,21,ImUddz7pY8UDC/IHqU70rQlDQJI=,fMFaewi1ZlkgnqkVU2FV1gPbAZQ=
-42,21,ImUddz7pY8UDC/IHqU70rQlDQJI=,fMFaewi1ZlkgnqkVU2FV1gPbAZQ=
-41,22,ImUddz7pY8UDC/IHqU70rQlDQJI=,fMFaewi1ZlkgnqkVU2FV1gPbAZQ=
-45,22,ImUddz7pY8UDC/IHqU70rQlDQJI=,fMFaewi1ZlkgnqkVU2FV1gPbAZQ=
-36,18,ImUddz7pY8UDC/IHqU70rQlDQJI=,fMFaewi1ZlkgnqkVU2FV1gPbAZQ=
-40,22,ImUddz7pY8UDC/IHqU70rQlDQJI=,fMFaewi1ZlkgnqkVU2FV1gPbAZQ=
-46,23,ImUddz7pY8UDC/IHqU70rQlDQJI=,fMFaewi1ZlkgnqkVU2FV1gPbAZQ=
-35,18,ImUddz7pY8UDC/IHqU70rQlDQJI=,fMFaewi1ZlkgnqkVU2FV1gPbAZQ=
-43,21,ImUddz7pY8UDC/IHqU70rQlDQJI=,fMFaewi1ZlkgnqkVU2FV1gPbAZQ=
-40,21,ImUddz7pY8UDC/IHqU70rQlDQJI=,fMFaewi1ZlkgnqkVU2FV1gPbAZQ=
-37,18,ImUddz7pY8UDC/IHqU70rQlDQJI=,fMFaewi1ZlkgnqkVU2FV1gPbAZQ=
-36,22,ImUddz7pY8UDC/IHqU70rQlDQJI=,fMFaewi1ZlkgnqkVU2FV1gPbAZQ=
-37,22,ImUddz7pY8UDC/IHqU70rQlDQJI=,fMFaewi1ZlkgnqkVU2FV1gPbAZQ=
-34,18,ImUddz7pY8UDC/IHqU70rQlDQJI=,fMFaewi1ZlkgnqkVU2FV1gPbAZQ=
-36,23,ImUddz7pY8UDC/IHqU70rQlDQJI=,fMFaewi1ZlkgnqkVU2FV1gPbAZQ=
-42,22,ImUddz7pY8UDC/IHqU70rQlDQJI=,fMFaewi1ZlkgnqkVU2FV1gPbAZQ=
-33,23,ImUddz7pY8UDC/IHqU70rQlDQJI=,fMFaewi1ZlkgnqkVU2FV1gPbAZQ=
-47,26,gM7LAxDM7dFGytCxuR8J9R8j/6g=,fMFaewi1ZlkgnqkVU2FV1gPbAZQ=
-41,19,gM7LAxDM7dFGytCxuR8J9R8j/6g=,fMFaewi1ZlkgnqkVU2FV1gPbAZQ=
-38,21,ImUddz7pY8UDC/IHqU70rQlDQJI=,fMFaewi1ZlkgnqkVU2FV1gPbAZQ=
-38,22,ImUddz7pY8UDC/IHqU70rQlDQJI=,fMFaewi1ZlkgnqkVU2FV1gPbAZQ=
-33,18,ImUddz7pY8UDC/IHqU70rQlDQJI=,fMFaewi1ZlkgnqkVU2FV1gPbAZQ=
-48,23,ImUddz7pY8UDC/IHqU70rQlDQJI=,fMFaewi1ZlkgnqkVU2FV1gPbAZQ=
-34,22,ImUddz7pY8UDC/IHqU70rQlDQJI=,fMFaewi1ZlkgnqkVU2FV1gPbAZQ=
-46,22,ImUddz7pY8UDC/IHqU70rQlDQJI=,fMFaewi1ZlkgnqkVU2FV1gPbAZQ=
-34,23,ImUddz7pY8UDC/IHqU70rQlDQJI=,fMFaewi1ZlkgnqkVU2FV1gPbAZQ=
-45,21,ImUddz7pY8UDC/IHqU70rQlDQJI=,fMFaewi1ZlkgnqkVU2FV1gPbAZQ=
-35,23,ImUddz7pY8UDC/IHqU70rQlDQJI=,fMFaewi1ZlkgnqkVU2FV1gPbAZQ=
-36,21,ImUddz7pY8UDC/IHqU70rQlDQJI=,fMFaewi1ZlkgnqkVU2FV1gPbAZQ=
-40,18,ImUddz7pY8UDC/IHqU70rQlDQJI=,fMFaewi1ZlkgnqkVU2FV1gPbAZQ=
-41,21,ImUddz7pY8UDC/IHqU70rQlDQJI=,fMFaewi1ZlkgnqkVU2FV1gPbAZQ=
-48,22,ImUddz7pY8UDC/IHqU70rQlDQJI=,fMFaewi1ZlkgnqkVU2FV1gPbAZQ=
-39,18,ImUddz7pY8UDC/IHqU70rQlDQJI=,fMFaewi1ZlkgnqkVU2FV1gPbAZQ=
-37,21,ImUddz7pY8UDC/IHqU70rQlDQJI=,fMFaewi1ZlkgnqkVU2FV1gPbAZQ=
-47,22,ImUddz7pY8UDC/IHqU70rQlDQJI=,fMFaewi1ZlkgnqkVU2FV1gPbAZQ=
-39,21,ImUddz7pY8UDC/IHqU70rQlDQJI=,fMFaewi1ZlkgnqkVU2FV1gPbAZQ=
-44,21,ImUddz7pY8UDC/IHqU70rQlDQJI=,fMFaewi1ZlkgnqkVU2FV1gPbAZQ=
-39,22,ImUddz7pY8UDC/IHqU70rQlDQJI=,fMFaewi1ZlkgnqkVU2FV1gPbAZQ=
-38,18,ImUddz7pY8UDC/IHqU70rQlDQJI=,fMFaewi1ZlkgnqkVU2FV1gPbAZQ=
-43,22,ImUddz7pY8UDC/IHqU70rQlDQJI=,fMFaewi1ZlkgnqkVU2FV1gPbAZQ=
-44,22,ImUddz7pY8UDC/IHqU70rQlDQJI=,fMFaewi1ZlkgnqkVU2FV1gPbAZQ=
-42,23,ImUddz7pY8UDC/IHqU70rQlDQJI=,fMFaewi1ZlkgnqkVU2FV1gPbAZQ=
-44,23,ImUddz7pY8UDC/IHqU70rQlDQJI=,fMFaewi1ZlkgnqkVU2FV1gPbAZQ=
-40,23,ImUddz7pY8UDC/IHqU70rQlDQJI=,fMFaewi1ZlkgnqkVU2FV1gPbAZQ=
-38,23,ImUddz7pY8UDC/IHqU70rQlDQJI=,fMFaewi1ZlkgnqkVU2FV1gPbAZQ=
-41,23,ImUddz7pY8UDC/IHqU70rQlDQJI=,fMFaewi1ZlkgnqkVU2FV1gPbAZQ=
-43,23,ImUddz7pY8UDC/IHqU70rQlDQJI=,fMFaewi1ZlkgnqkVU2FV1gPbAZQ=
-48,24,ImUddz7pY8UDC/IHqU70rQlDQJI=,fMFaewi1ZlkgnqkVU2FV1gPbAZQ=
-47,23,ImUddz7pY8UDC/IHqU70rQlDQJI=,fMFaewi1ZlkgnqkVU2FV1gPbAZQ=
-39,23,ImUddz7pY8UDC/IHqU70rQlDQJI=,fMFaewi1ZlkgnqkVU2FV1gPbAZQ=
-44,16,ImUddz7pY8UDC/IHqU70rQlDQJI=,fMFaewi1ZlkgnqkVU2FV1gPbAZQ=
-45,23,ImUddz7pY8UDC/IHqU70rQlDQJI=,fMFaewi1ZlkgnqkVU2FV1gPbAZQ=
-37,23,ImUddz7pY8UDC/IHqU70rQlDQJI=,fMFaewi1ZlkgnqkVU2FV1gPbAZQ=
-37,16,ImUddz7pY8UDC/IHqU70rQlDQJI=,fMFaewi1ZlkgnqkVU2FV1gPbAZQ=
-33,15,T3EHMKnFQhRMWEUYWedfncxLf7Y=,ujFmjFo9cJBxPL3nFuCZcbywcns=
-34,15,T3EHMKnFQhRMWEUYWedfncxLf7Y=,ujFmjFo9cJBxPL3nFuCZcbywcns=
-41,3,T3EHMKnFQhRMWEUYWedfncxLf7Y=,ujFmjFo9cJBxPL3nFuCZcbywcns=
-35,15,T3EHMKnFQhRMWEUYWedfncxLf7Y=,ujFmjFo9cJBxPL3nFuCZcbywcns=
-42,3,T3EHMKnFQhRMWEUYWedfncxLf7Y=,ujFmjFo9cJBxPL3nFuCZcbywcns=
-43,3,T3EHMKnFQhRMWEUYWedfncxLf7Y=,ujFmjFo9cJBxPL3nFuCZcbywcns=
-38,15,T3EHMKnFQhRMWEUYWedfncxLf7Y=,ujFmjFo9cJBxPL3nFuCZcbywcns=
-45,0,T3EHMKnFQhRMWEUYWedfncxLf7Y=,ujFmjFo9cJBxPL3nFuCZcbywcns=
-47,0,T3EHMKnFQhRMWEUYWedfncxLf7Y=,ujFmjFo9cJBxPL3nFuCZcbywcns=
-40,1,T3EHMKnFQhRMWEUYWedfncxLf7Y=,ujFmjFo9cJBxPL3nFuCZcbywcns=
-43,1,T3EHMKnFQhRMWEUYWedfncxLf7Y=,ujFmjFo9cJBxPL3nFuCZcbywcns=
-36,15,T3EHMKnFQhRMWEUYWedfncxLf7Y=,ujFmjFo9cJBxPL3nFuCZcbywcns=
-44,1,T3EHMKnFQhRMWEUYWedfncxLf7Y=,ujFmjFo9cJBxPL3nFuCZcbywcns=
-44,2,T3EHMKnFQhRMWEUYWedfncxLf7Y=,ujFmjFo9cJBxPL3nFuCZcbywcns=
-39,15,T3EHMKnFQhRMWEUYWedfncxLf7Y=,ujFmjFo9cJBxPL3nFuCZcbywcns=
-40,3,T3EHMKnFQhRMWEUYWedfncxLf7Y=,ujFmjFo9cJBxPL3nFuCZcbywcns=
-43,2,T3EHMKnFQhRMWEUYWedfncxLf7Y=,ujFmjFo9cJBxPL3nFuCZcbywcns=
-41,1,T3EHMKnFQhRMWEUYWedfncxLf7Y=,ujFmjFo9cJBxPL3nFuCZcbywcns=
-34,14,T3EHMKnFQhRMWEUYWedfncxLf7Y=,ujFmjFo9cJBxPL3nFuCZcbywcns=
-39,1,T3EHMKnFQhRMWEUYWedfncxLf7Y=,ujFmjFo9cJBxPL3nFuCZcbywcns=
-46,3,T3EHMKnFQhRMWEUYWedfncxLf7Y=,ujFmjFo9cJBxPL3nFuCZcbywcns=
-44,3,T3EHMKnFQhRMWEUYWedfncxLf7Y=,ujFmjFo9cJBxPL3nFuCZcbywcns=
-42,0,T3EHMKnFQhRMWEUYWedfncxLf7Y=,ujFmjFo9cJBxPL3nFuCZcbywcns=
-36,3,T3EHMKnFQhRMWEUYWedfncxLf7Y=,ujFmjFo9cJBxPL3nFuCZcbywcns=
-40,15,T3EHMKnFQhRMWEUYWedfncxLf7Y=,ujFmjFo9cJBxPL3nFuCZcbywcns=
-41,15,T3EHMKnFQhRMWEUYWedfncxLf7Y=,ujFmjFo9cJBxPL3nFuCZcbywcns=
-42,15,T3EHMKnFQhRMWEUYWedfncxLf7Y=,ujFmjFo9cJBxPL3nFuCZcbywcns=
-44,15,T3EHMKnFQhRMWEUYWedfncxLf7Y=,ujFmjFo9cJBxPL3nFuCZcbywcns=
-43,15,T3EHMKnFQhRMWEUYWedfncxLf7Y=,ujFmjFo9cJBxPL3nFuCZcbywcns=
-38,1,T3EHMKnFQhRMWEUYWedfncxLf7Y=,ujFmjFo9cJBxPL3nFuCZcbywcns=
-37,3,T3EHMKnFQhRMWEUYWedfncxLf7Y=,ujFmjFo9cJBxPL3nFuCZcbywcns=
-38,3,T3EHMKnFQhRMWEUYWedfncxLf7Y=,ujFmjFo9cJBxPL3nFuCZcbywcns=
-39,3,T3EHMKnFQhRMWEUYWedfncxLf7Y=,ujFmjFo9cJBxPL3nFuCZcbywcns=
-34,3,T3EHMKnFQhRMWEUYWedfncxLf7Y=,ujFmjFo9cJBxPL3nFuCZcbywcns=
-37,1,T3EHMKnFQhRMWEUYWedfncxLf7Y=,ujFmjFo9cJBxPL3nFuCZcbywcns=
-45,15,T3EHMKnFQhRMWEUYWedfncxLf7Y=,ujFmjFo9cJBxPL3nFuCZcbywcns=
-33,3,T3EHMKnFQhRMWEUYWedfncxLf7Y=,ujFmjFo9cJBxPL3nFuCZcbywcns=
-36,1,T3EHMKnFQhRMWEUYWedfncxLf7Y=,ujFmjFo9cJBxPL3nFuCZcbywcns=
-34,1,T3EHMKnFQhRMWEUYWedfncxLf7Y=,ujFmjFo9cJBxPL3nFuCZcbywcns=
-35,3,T3EHMKnFQhRMWEUYWedfncxLf7Y=,ujFmjFo9cJBxPL3nFuCZcbywcns=
-46,15,T3EHMKnFQhRMWEUYWedfncxLf7Y=,ujFmjFo9cJBxPL3nFuCZcbywcns=
-48,4,T3EHMKnFQhRMWEUYWedfncxLf7Y=,ujFmjFo9cJBxPL3nFuCZcbywcns=
-48,15,T3EHMKnFQhRMWEUYWedfncxLf7Y=,ujFmjFo9cJBxPL3nFuCZcbywcns=
-38,4,T3EHMKnFQhRMWEUYWedfncxLf7Y=,ujFmjFo9cJBxPL3nFuCZcbywcns=
-45,4,T3EHMKnFQhRMWEUYWedfncxLf7Y=,ujFmjFo9cJBxPL3nFuCZcbywcns=
-47,4,T3EHMKnFQhRMWEUYWedfncxLf7Y=,ujFmjFo9cJBxPL3nFuCZcbywcns=
-42,2,T3EHMKnFQhRMWEUYWedfncxLf7Y=,ujFmjFo9cJBxPL3nFuCZcbywcns=
-46,4,T3EHMKnFQhRMWEUYWedfncxLf7Y=,ujFmjFo9cJBxPL3nFuCZcbywcns=
-36,4,T3EHMKnFQhRMWEUYWedfncxLf7Y=,ujFmjFo9cJBxPL3nFuCZcbywcns=
-42,4,T3EHMKnFQhRMWEUYWedfncxLf7Y=,ujFmjFo9cJBxPL3nFuCZcbywcns=
-34,4,T3EHMKnFQhRMWEUYWedfncxLf7Y=,ujFmjFo9cJBxPL3nFuCZcbywcns=
-40,4,T3EHMKnFQhRMWEUYWedfncxLf7Y=,ujFmjFo9cJBxPL3nFuCZcbywcns=
-35,1,T3EHMKnFQhRMWEUYWedfncxLf7Y=,ujFmjFo9cJBxPL3nFuCZcbywcns=
-41,0,T3EHMKnFQhRMWEUYWedfncxLf7Y=,ujFmjFo9cJBxPL3nFuCZcbywcns=
-41,4,T3EHMKnFQhRMWEUYWedfncxLf7Y=,ujFmjFo9cJBxPL3nFuCZcbywcns=
-33,1,T3EHMKnFQhRMWEUYWedfncxLf7Y=,ujFmjFo9cJBxPL3nFuCZcbywcns=
-44,4,T3EHMKnFQhRMWEUYWedfncxLf7Y=,ujFmjFo9cJBxPL3nFuCZcbywcns=
-43,4,T3EHMKnFQhRMWEUYWedfncxLf7Y=,ujFmjFo9cJBxPL3nFuCZcbywcns=
-48,0,T3EHMKnFQhRMWEUYWedfncxLf7Y=,ujFmjFo9cJBxPL3nFuCZcbywcns=
-37,4,T3EHMKnFQhRMWEUYWedfncxLf7Y=,ujFmjFo9cJBxPL3nFuCZcbywcns=
-39,4,T3EHMKnFQhRMWEUYWedfncxLf7Y=,ujFmjFo9cJBxPL3nFuCZcbywcns=
-35,5,T3EHMKnFQhRMWEUYWedfncxLf7Y=,ujFmjFo9cJBxPL3nFuCZcbywcns=
-35,4,T3EHMKnFQhRMWEUYWedfncxLf7Y=,ujFmjFo9cJBxPL3nFuCZcbywcns=
-33,4,T3EHMKnFQhRMWEUYWedfncxLf7Y=,ujFmjFo9cJBxPL3nFuCZcbywcns=
-40,0,T3EHMKnFQhRMWEUYWedfncxLf7Y=,ujFmjFo9cJBxPL3nFuCZcbywcns=
-47,2,T3EHMKnFQhRMWEUYWedfncxLf7Y=,ujFmjFo9cJBxPL3nFuCZcbywcns=
-37,5,T3EHMKnFQhRMWEUYWedfncxLf7Y=,ujFmjFo9cJBxPL3nFuCZcbywcns=
-44,5,T3EHMKnFQhRMWEUYWedfncxLf7Y=,ujFmjFo9cJBxPL3nFuCZcbywcns=
-48,2,T3EHMKnFQhRMWEUYWedfncxLf7Y=,ujFmjFo9cJBxPL3nFuCZcbywcns=
-41,2,T3EHMKnFQhRMWEUYWedfncxLf7Y=,ujFmjFo9cJBxPL3nFuCZcbywcns=
-43,5,T3EHMKnFQhRMWEUYWedfncxLf7Y=,ujFmjFo9cJBxPL3nFuCZcbywcns=
-35,6,T3EHMKnFQhRMWEUYWedfncxLf7Y=,ujFmjFo9cJBxPL3nFuCZcbywcns=
-36,6,T3EHMKnFQhRMWEUYWedfncxLf7Y=,ujFmjFo9cJBxPL3nFuCZcbywcns=
-36,5,T3EHMKnFQhRMWEUYWedfncxLf7Y=,ujFmjFo9cJBxPL3nFuCZcbywcns=
-41,5,T3EHMKnFQhRMWEUYWedfncxLf7Y=,ujFmjFo9cJBxPL3nFuCZcbywcns=
-38,5,T3EHMKnFQhRMWEUYWedfncxLf7Y=,ujFmjFo9cJBxPL3nFuCZcbywcns=
-34,5,T3EHMKnFQhRMWEUYWedfncxLf7Y=,ujFmjFo9cJBxPL3nFuCZcbywcns=
-38,6,T3EHMKnFQhRMWEUYWedfncxLf7Y=,ujFmjFo9cJBxPL3nFuCZcbywcns=
-33,5,T3EHMKnFQhRMWEUYWedfncxLf7Y=,ujFmjFo9cJBxPL3nFuCZcbywcns=
-40,5,T3EHMKnFQhRMWEUYWedfncxLf7Y=,ujFmjFo9cJBxPL3nFuCZcbywcns=
-42,5,CepHry7HP4BSe9hVHaK578dxr44=,ujFmjFo9cJBxPL3nFuCZcbywcns=
-48,5,CepHry7HP4BSe9hVHaK578dxr44=,ujFmjFo9cJBxPL3nFuCZcbywcns=
-46,5,CepHry7HP4BSe9hVHaK578dxr44=,ujFmjFo9cJBxPL3nFuCZcbywcns=
-47,5,CepHry7HP4BSe9hVHaK578dxr44=,ujFmjFo9cJBxPL3nFuCZcbywcns=
-45,5,CepHry7HP4BSe9hVHaK578dxr44=,ujFmjFo9cJBxPL3nFuCZcbywcns=
-39,0,CepHry7HP4BSe9hVHaK578dxr44=,ujFmjFo9cJBxPL3nFuCZcbywcns=
-44,6,CepHry7HP4BSe9hVHaK578dxr44=,ujFmjFo9cJBxPL3nFuCZcbywcns=
-39,5,CepHry7HP4BSe9hVHaK578dxr44=,ujFmjFo9cJBxPL3nFuCZcbywcns=
-35,7,CepHry7HP4BSe9hVHaK578dxr44=,ujFmjFo9cJBxPL3nFuCZcbywcns=
-42,6,CepHry7HP4BSe9hVHaK578dxr44=,ujFmjFo9cJBxPL3nFuCZcbywcns=
-41,6,CepHry7HP4BSe9hVHaK578dxr44=,ujFmjFo9cJBxPL3nFuCZcbywcns=
-43,6,CepHry7HP4BSe9hVHaK578dxr44=,ujFmjFo9cJBxPL3nFuCZcbywcns=
-40,7,CepHry7HP4BSe9hVHaK578dxr44=,ujFmjFo9cJBxPL3nFuCZcbywcns=
-39,7,CepHry7HP4BSe9hVHaK578dxr44=,ujFmjFo9cJBxPL3nFuCZcbywcns=
-33,6,CepHry7HP4BSe9hVHaK578dxr44=,ujFmjFo9cJBxPL3nFuCZcbywcns=
-40,6,CepHry7HP4BSe9hVHaK578dxr44=,ujFmjFo9cJBxPL3nFuCZcbywcns=
-46,2,CepHry7HP4BSe9hVHaK578dxr44=,ujFmjFo9cJBxPL3nFuCZcbywcns=
-37,0,CepHry7HP4BSe9hVHaK578dxr44=,ujFmjFo9cJBxPL3nFuCZcbywcns=
-34,7,CepHry7HP4BSe9hVHaK578dxr44=,ujFmjFo9cJBxPL3nFuCZcbywcns=
-44,7,CepHry7HP4BSe9hVHaK578dxr44=,ujFmjFo9cJBxPL3nFuCZcbywcns=
-48,7,CepHry7HP4BSe9hVHaK578dxr44=,ujFmjFo9cJBxPL3nFuCZcbywcns=
-38,8,CepHry7HP4BSe9hVHaK578dxr44=,ujFmjFo9cJBxPL3nFuCZcbywcns=
-33,7,CepHry7HP4BSe9hVHaK578dxr44=,ujFmjFo9cJBxPL3nFuCZcbywcns=
-46,7,CepHry7HP4BSe9hVHaK578dxr44=,ujFmjFo9cJBxPL3nFuCZcbywcns=
-38,7,CepHry7HP4BSe9hVHaK578dxr44=,ujFmjFo9cJBxPL3nFuCZcbywcns=
-45,7,CepHry7HP4BSe9hVHaK578dxr44=,ujFmjFo9cJBxPL3nFuCZcbywcns=
-43,7,CepHry7HP4BSe9hVHaK578dxr44=,ujFmjFo9cJBxPL3nFuCZcbywcns=
-39,8,CepHry7HP4BSe9hVHaK578dxr44=,ujFmjFo9cJBxPL3nFuCZcbywcns=
-45,2,CepHry7HP4BSe9hVHaK578dxr44=,ujFmjFo9cJBxPL3nFuCZcbywcns=
-44,8,CepHry7HP4BSe9hVHaK578dxr44=,ujFmjFo9cJBxPL3nFuCZcbywcns=
-37,8,CepHry7HP4BSe9hVHaK578dxr44=,ujFmjFo9cJBxPL3nFuCZcbywcns=
-36,0,CepHry7HP4BSe9hVHaK578dxr44=,ujFmjFo9cJBxPL3nFuCZcbywcns=
-45,8,CepHry7HP4BSe9hVHaK578dxr44=,ujFmjFo9cJBxPL3nFuCZcbywcns=
-38,2,CepHry7HP4BSe9hVHaK578dxr44=,ujFmjFo9cJBxPL3nFuCZcbywcns=
-36,8,CepHry7HP4BSe9hVHaK578dxr44=,ujFmjFo9cJBxPL3nFuCZcbywcns=
-40,8,CepHry7HP4BSe9hVHaK578dxr44=,ujFmjFo9cJBxPL3nFuCZcbywcns=
-34,8,CepHry7HP4BSe9hVHaK578dxr44=,ujFmjFo9cJBxPL3nFuCZcbywcns=
-37,2,CepHry7HP4BSe9hVHaK578dxr44=,ujFmjFo9cJBxPL3nFuCZcbywcns=
-35,8,CepHry7HP4BSe9hVHaK578dxr44=,ujFmjFo9cJBxPL3nFuCZcbywcns=
-43,8,CepHry7HP4BSe9hVHaK578dxr44=,ujFmjFo9cJBxPL3nFuCZcbywcns=
-41,8,CepHry7HP4BSe9hVHaK578dxr44=,ujFmjFo9cJBxPL3nFuCZcbywcns=
-42,8,CepHry7HP4BSe9hVHaK578dxr44=,ujFmjFo9cJBxPL3nFuCZcbywcns=
-36,2,CepHry7HP4BSe9hVHaK578dxr44=,ujFmjFo9cJBxPL3nFuCZcbywcns=
-33,8,CepHry7HP4BSe9hVHaK578dxr44=,ujFmjFo9cJBxPL3nFuCZcbywcns=
-35,0,CepHry7HP4BSe9hVHaK578dxr44=,ujFmjFo9cJBxPL3nFuCZcbywcns=
-34,0,CepHry7HP4BSe9hVHaK578dxr44=,ujFmjFo9cJBxPL3nFuCZcbywcns=
-48,9,CepHry7HP4BSe9hVHaK578dxr44=,ujFmjFo9cJBxPL3nFuCZcbywcns=
-45,9,CepHry7HP4BSe9hVHaK578dxr44=,ujFmjFo9cJBxPL3nFuCZcbywcns=
-38,9,CepHry7HP4BSe9hVHaK578dxr44=,ujFmjFo9cJBxPL3nFuCZcbywcns=
-42,9,CepHry7HP4BSe9hVHaK578dxr44=,ujFmjFo9cJBxPL3nFuCZcbywcns=
-40,9,CepHry7HP4BSe9hVHaK578dxr44=,ujFmjFo9cJBxPL3nFuCZcbywcns=
-35,9,CepHry7HP4BSe9hVHaK578dxr44=,ujFmjFo9cJBxPL3nFuCZcbywcns=
-41,9,CepHry7HP4BSe9hVHaK578dxr44=,ujFmjFo9cJBxPL3nFuCZcbywcns=
-35,2,CepHry7HP4BSe9hVHaK578dxr44=,ujFmjFo9cJBxPL3nFuCZcbywcns=
-34,9,CepHry7HP4BSe9hVHaK578dxr44=,ujFmjFo9cJBxPL3nFuCZcbywcns=
-36,9,CepHry7HP4BSe9hVHaK578dxr44=,ujFmjFo9cJBxPL3nFuCZcbywcns=
-37,9,CepHry7HP4BSe9hVHaK578dxr44=,ujFmjFo9cJBxPL3nFuCZcbywcns=
-37,10,CepHry7HP4BSe9hVHaK578dxr44=,ujFmjFo9cJBxPL3nFuCZcbywcns=
-43,9,CepHry7HP4BSe9hVHaK578dxr44=,ujFmjFo9cJBxPL3nFuCZcbywcns=
-47,9,CepHry7HP4BSe9hVHaK578dxr44=,ujFmjFo9cJBxPL3nFuCZcbywcns=
-39,9,CepHry7HP4BSe9hVHaK578dxr44=,ujFmjFo9cJBxPL3nFuCZcbywcns=
-47,10,CepHry7HP4BSe9hVHaK578dxr44=,ujFmjFo9cJBxPL3nFuCZcbywcns=
-44,9,CepHry7HP4BSe9hVHaK578dxr44=,ujFmjFo9cJBxPL3nFuCZcbywcns=
-46,10,CepHry7HP4BSe9hVHaK578dxr44=,ujFmjFo9cJBxPL3nFuCZcbywcns=
-34,2,CepHry7HP4BSe9hVHaK578dxr44=,ujFmjFo9cJBxPL3nFuCZcbywcns=
-33,9,CepHry7HP4BSe9hVHaK578dxr44=,ujFmjFo9cJBxPL3nFuCZcbywcns=
-46,9,CepHry7HP4BSe9hVHaK578dxr44=,ujFmjFo9cJBxPL3nFuCZcbywcns=
-48,10,CepHry7HP4BSe9hVHaK578dxr44=,ujFmjFo9cJBxPL3nFuCZcbywcns=
-37,11,CepHry7HP4BSe9hVHaK578dxr44=,ujFmjFo9cJBxPL3nFuCZcbywcns=
-45,10,CepHry7HP4BSe9hVHaK578dxr44=,ujFmjFo9cJBxPL3nFuCZcbywcns=
-43,10,CepHry7HP4BSe9hVHaK578dxr44=,ujFmjFo9cJBxPL3nFuCZcbywcns=
-41,10,CepHry7HP4BSe9hVHaK578dxr44=,ujFmjFo9cJBxPL3nFuCZcbywcns=
-35,10,CepHry7HP4BSe9hVHaK578dxr44=,ujFmjFo9cJBxPL3nFuCZcbywcns=
-40,10,CepHry7HP4BSe9hVHaK578dxr44=,ujFmjFo9cJBxPL3nFuCZcbywcns=
-38,10,CepHry7HP4BSe9hVHaK578dxr44=,ujFmjFo9cJBxPL3nFuCZcbywcns=
-39,10,CepHry7HP4BSe9hVHaK578dxr44=,ujFmjFo9cJBxPL3nFuCZcbywcns=
-44,10,CepHry7HP4BSe9hVHaK578dxr44=,ujFmjFo9cJBxPL3nFuCZcbywcns=
-42,10,CepHry7HP4BSe9hVHaK578dxr44=,ujFmjFo9cJBxPL3nFuCZcbywcns=
-33,0,CepHry7HP4BSe9hVHaK578dxr44=,ujFmjFo9cJBxPL3nFuCZcbywcns=
-38,12,CepHry7HP4BSe9hVHaK578dxr44=,ujFmjFo9cJBxPL3nFuCZcbywcns=
-33,10,CepHry7HP4BSe9hVHaK578dxr44=,ujFmjFo9cJBxPL3nFuCZcbywcns=
-43,11,CepHry7HP4BSe9hVHaK578dxr44=,ujFmjFo9cJBxPL3nFuCZcbywcns=
-36,11,CepHry7HP4BSe9hVHaK578dxr44=,ujFmjFo9cJBxPL3nFuCZcbywcns=
-41,11,zf/kb8ut8oyyD7/2iWW3QbZbDA8=,ujFmjFo9cJBxPL3nFuCZcbywcns=
-33,12,zf/kb8ut8oyyD7/2iWW3QbZbDA8=,ujFmjFo9cJBxPL3nFuCZcbywcns=
-48,11,zf/kb8ut8oyyD7/2iWW3QbZbDA8=,ujFmjFo9cJBxPL3nFuCZcbywcns=
-44,11,zf/kb8ut8oyyD7/2iWW3QbZbDA8=,ujFmjFo9cJBxPL3nFuCZcbywcns=
-39,11,zf/kb8ut8oyyD7/2iWW3QbZbDA8=,ujFmjFo9cJBxPL3nFuCZcbywcns=
-38,11,zf/kb8ut8oyyD7/2iWW3QbZbDA8=,ujFmjFo9cJBxPL3nFuCZcbywcns=
-46,12,zf/kb8ut8oyyD7/2iWW3QbZbDA8=,ujFmjFo9cJBxPL3nFuCZcbywcns=
-34,11,zf/kb8ut8oyyD7/2iWW3QbZbDA8=,ujFmjFo9cJBxPL3nFuCZcbywcns=
-45,11,zf/kb8ut8oyyD7/2iWW3QbZbDA8=,ujFmjFo9cJBxPL3nFuCZcbywcns=
-47,11,zf/kb8ut8oyyD7/2iWW3QbZbDA8=,ujFmjFo9cJBxPL3nFuCZcbywcns=
-33,11,zf/kb8ut8oyyD7/2iWW3QbZbDA8=,ujFmjFo9cJBxPL3nFuCZcbywcns=
-42,11,zf/kb8ut8oyyD7/2iWW3QbZbDA8=,ujFmjFo9cJBxPL3nFuCZcbywcns=
-44,12,zf/kb8ut8oyyD7/2iWW3QbZbDA8=,ujFmjFo9cJBxPL3nFuCZcbywcns=
-38,13,zf/kb8ut8oyyD7/2iWW3QbZbDA8=,ujFmjFo9cJBxPL3nFuCZcbywcns=
-48,12,zf/kb8ut8oyyD7/2iWW3QbZbDA8=,ujFmjFo9cJBxPL3nFuCZcbywcns=
-47,12,zf/kb8ut8oyyD7/2iWW3QbZbDA8=,ujFmjFo9cJBxPL3nFuCZcbywcns=
-42,12,zf/kb8ut8oyyD7/2iWW3QbZbDA8=,ujFmjFo9cJBxPL3nFuCZcbywcns=
-39,13,zf/kb8ut8oyyD7/2iWW3QbZbDA8=,ujFmjFo9cJBxPL3nFuCZcbywcns=
-35,13,zf/kb8ut8oyyD7/2iWW3QbZbDA8=,ujFmjFo9cJBxPL3nFuCZcbywcns=
-33,13,zf/kb8ut8oyyD7/2iWW3QbZbDA8=,ujFmjFo9cJBxPL3nFuCZcbywcns=
-34,13,zf/kb8ut8oyyD7/2iWW3QbZbDA8=,ujFmjFo9cJBxPL3nFuCZcbywcns=
-45,13,zf/kb8ut8oyyD7/2iWW3QbZbDA8=,ujFmjFo9cJBxPL3nFuCZcbywcns=
-48,13,zf/kb8ut8oyyD7/2iWW3QbZbDA8=,ujFmjFo9cJBxPL3nFuCZcbywcns=
-41,13,zf/kb8ut8oyyD7/2iWW3QbZbDA8=,ujFmjFo9cJBxPL3nFuCZcbywcns=
-40,13,zf/kb8ut8oyyD7/2iWW3QbZbDA8=,ujFmjFo9cJBxPL3nFuCZcbywcns=
-36,13,zf/kb8ut8oyyD7/2iWW3QbZbDA8=,ujFmjFo9cJBxPL3nFuCZcbywcns=
-43,13,zf/kb8ut8oyyD7/2iWW3QbZbDA8=,ujFmjFo9cJBxPL3nFuCZcbywcns=
-45,1,zf/kb8ut8oyyD7/2iWW3QbZbDA8=,ujFmjFo9cJBxPL3nFuCZcbywcns=
-47,13,zf/kb8ut8oyyD7/2iWW3QbZbDA8=,ujFmjFo9cJBxPL3nFuCZcbywcns=
-44,13,zf/kb8ut8oyyD7/2iWW3QbZbDA8=,ujFmjFo9cJBxPL3nFuCZcbywcns=
-37,13,zf/kb8ut8oyyD7/2iWW3QbZbDA8=,ujFmjFo9cJBxPL3nFuCZcbywcns=
-42,13,zf/kb8ut8oyyD7/2iWW3QbZbDA8=,ujFmjFo9cJBxPL3nFuCZcbywcns=
-46,13,zf/kb8ut8oyyD7/2iWW3QbZbDA8=,ujFmjFo9cJBxPL3nFuCZcbywcns=
-33,14,zf/kb8ut8oyyD7/2iWW3QbZbDA8=,ujFmjFo9cJBxPL3nFuCZcbywcns=
-42,1,T3EHMKnFQhRMWEUYWedfncxLf7Y=,ujFmjFo9cJBxPL3nFuCZcbywcns=
-48,3,zf/kb8ut8oyyD7/2iWW3QbZbDA8=,ujFmjFo9cJBxPL3nFuCZcbywcns=
-46,0,T3EHMKnFQhRMWEUYWedfncxLf7Y=,ujFmjFo9cJBxPL3nFuCZcbywcns=
-43,0,T3EHMKnFQhRMWEUYWedfncxLf7Y=,ujFmjFo9cJBxPL3nFuCZcbywcns=
-37,15,T3EHMKnFQhRMWEUYWedfncxLf7Y=,ujFmjFo9cJBxPL3nFuCZcbywcns=
-45,3,T3EHMKnFQhRMWEUYWedfncxLf7Y=,ujFmjFo9cJBxPL3nFuCZcbywcns=
-37,14,zf/kb8ut8oyyD7/2iWW3QbZbDA8=,ujFmjFo9cJBxPL3nFuCZcbywcns=
-37,7,zf/kb8ut8oyyD7/2iWW3QbZbDA8=,ujFmjFo9cJBxPL3nFuCZcbywcns=
-48,14,zf/kb8ut8oyyD7/2iWW3QbZbDA8=,ujFmjFo9cJBxPL3nFuCZcbywcns=
-45,6,CepHry7HP4BSe9hVHaK578dxr44=,ujFmjFo9cJBxPL3nFuCZcbywcns=
-47,14,zf/kb8ut8oyyD7/2iWW3QbZbDA8=,ujFmjFo9cJBxPL3nFuCZcbywcns=
-36,7,zf/kb8ut8oyyD7/2iWW3QbZbDA8=,ujFmjFo9cJBxPL3nFuCZcbywcns=
-34,6,CepHry7HP4BSe9hVHaK578dxr44=,ujFmjFo9cJBxPL3nFuCZcbywcns=
-47,6,CepHry7HP4BSe9hVHaK578dxr44=,ujFmjFo9cJBxPL3nFuCZcbywcns=
-40,2,CepHry7HP4BSe9hVHaK578dxr44=,ujFmjFo9cJBxPL3nFuCZcbywcns=
-48,6,CepHry7HP4BSe9hVHaK578dxr44=,ujFmjFo9cJBxPL3nFuCZcbywcns=
-46,6,CepHry7HP4BSe9hVHaK578dxr44=,ujFmjFo9cJBxPL3nFuCZcbywcns=
-39,6,CepHry7HP4BSe9hVHaK578dxr44=,ujFmjFo9cJBxPL3nFuCZcbywcns=
-37,6,CepHry7HP4BSe9hVHaK578dxr44=,ujFmjFo9cJBxPL3nFuCZcbywcns=
-38,0,CepHry7HP4BSe9hVHaK578dxr44=,ujFmjFo9cJBxPL3nFuCZcbywcns=
-48,1,CepHry7HP4BSe9hVHaK578dxr44=,ujFmjFo9cJBxPL3nFuCZcbywcns=
-45,14,zf/kb8ut8oyyD7/2iWW3QbZbDA8=,ujFmjFo9cJBxPL3nFuCZcbywcns=
-38,14,zf/kb8ut8oyyD7/2iWW3QbZbDA8=,ujFmjFo9cJBxPL3nFuCZcbywcns=
-46,14,zf/kb8ut8oyyD7/2iWW3QbZbDA8=,ujFmjFo9cJBxPL3nFuCZcbywcns=
-34,12,zf/kb8ut8oyyD7/2iWW3QbZbDA8=,ujFmjFo9cJBxPL3nFuCZcbywcns=
-39,14,zf/kb8ut8oyyD7/2iWW3QbZbDA8=,ujFmjFo9cJBxPL3nFuCZcbywcns=
-33,2,zf/kb8ut8oyyD7/2iWW3QbZbDA8=,ujFmjFo9cJBxPL3nFuCZcbywcns=
-35,14,zf/kb8ut8oyyD7/2iWW3QbZbDA8=,ujFmjFo9cJBxPL3nFuCZcbywcns=
-40,14,zf/kb8ut8oyyD7/2iWW3QbZbDA8=,ujFmjFo9cJBxPL3nFuCZcbywcns=
-36,10,CepHry7HP4BSe9hVHaK578dxr44=,ujFmjFo9cJBxPL3nFuCZcbywcns=
-35,12,zf/kb8ut8oyyD7/2iWW3QbZbDA8=,ujFmjFo9cJBxPL3nFuCZcbywcns=
-34,10,CepHry7HP4BSe9hVHaK578dxr44=,ujFmjFo9cJBxPL3nFuCZcbywcns=
-35,11,CepHry7HP4BSe9hVHaK578dxr44=,ujFmjFo9cJBxPL3nFuCZcbywcns=
-46,11,CepHry7HP4BSe9hVHaK578dxr44=,ujFmjFo9cJBxPL3nFuCZcbywcns=
-40,11,CepHry7HP4BSe9hVHaK578dxr44=,ujFmjFo9cJBxPL3nFuCZcbywcns=
-47,1,CepHry7HP4BSe9hVHaK578dxr44=,ujFmjFo9cJBxPL3nFuCZcbywcns=
-41,14,zf/kb8ut8oyyD7/2iWW3QbZbDA8=,ujFmjFo9cJBxPL3nFuCZcbywcns=
-39,2,zf/kb8ut8oyyD7/2iWW3QbZbDA8=,ujFmjFo9cJBxPL3nFuCZcbywcns=
-36,14,zf/kb8ut8oyyD7/2iWW3QbZbDA8=,ujFmjFo9cJBxPL3nFuCZcbywcns=
-42,14,zf/kb8ut8oyyD7/2iWW3QbZbDA8=,ujFmjFo9cJBxPL3nFuCZcbywcns=
-48,8,zf/kb8ut8oyyD7/2iWW3QbZbDA8=,ujFmjFo9cJBxPL3nFuCZcbywcns=
-44,14,zf/kb8ut8oyyD7/2iWW3QbZbDA8=,ujFmjFo9cJBxPL3nFuCZcbywcns=
-37,12,zf/kb8ut8oyyD7/2iWW3QbZbDA8=,ujFmjFo9cJBxPL3nFuCZcbywcns=
-43,14,zf/kb8ut8oyyD7/2iWW3QbZbDA8=,ujFmjFo9cJBxPL3nFuCZcbywcns=
-44,0,zf/kb8ut8oyyD7/2iWW3QbZbDA8=,ujFmjFo9cJBxPL3nFuCZcbywcns=
-47,3,zf/kb8ut8oyyD7/2iWW3QbZbDA8=,ujFmjFo9cJBxPL3nFuCZcbywcns=
-41,7,zf/kb8ut8oyyD7/2iWW3QbZbDA8=,ujFmjFo9cJBxPL3nFuCZcbywcns=
-42,7,zf/kb8ut8oyyD7/2iWW3QbZbDA8=,ujFmjFo9cJBxPL3nFuCZcbywcns=
-39,12,zf/kb8ut8oyyD7/2iWW3QbZbDA8=,ujFmjFo9cJBxPL3nFuCZcbywcns=
-36,12,zf/kb8ut8oyyD7/2iWW3QbZbDA8=,ujFmjFo9cJBxPL3nFuCZcbywcns=
-47,15,zf/kb8ut8oyyD7/2iWW3QbZbDA8=,ujFmjFo9cJBxPL3nFuCZcbywcns=
-46,8,zf/kb8ut8oyyD7/2iWW3QbZbDA8=,ujFmjFo9cJBxPL3nFuCZcbywcns=
-43,12,zf/kb8ut8oyyD7/2iWW3QbZbDA8=,ujFmjFo9cJBxPL3nFuCZcbywcns=
-47,7,zf/kb8ut8oyyD7/2iWW3QbZbDA8=,ujFmjFo9cJBxPL3nFuCZcbywcns=
-45,12,zf/kb8ut8oyyD7/2iWW3QbZbDA8=,ujFmjFo9cJBxPL3nFuCZcbywcns=
-46,1,zf/kb8ut8oyyD7/2iWW3QbZbDA8=,ujFmjFo9cJBxPL3nFuCZcbywcns=
-40,12,zf/kb8ut8oyyD7/2iWW3QbZbDA8=,ujFmjFo9cJBxPL3nFuCZcbywcns=
-41,12,zf/kb8ut8oyyD7/2iWW3QbZbDA8=,ujFmjFo9cJBxPL3nFuCZcbywcns=
-47,8,zf/kb8ut8oyyD7/2iWW3QbZbDA8=,ujFmjFo9cJBxPL3nFuCZcbywcns=
