31,-1,DRbxWdxebjDuuaUK8TVdzTdWHq4=,5CRxjV+uw3yGtKa0sjy832slhSo=
31,-7,DRbxWdxebjDuuaUK8TVdzTdWHq4=,5CRxjV+uw3yGtKa0sjy832slhSo=
19,-7,DRbxWdxebjDuuaUK8TVdzTdWHq4=,5CRxjV+uw3yGtKa0sjy832slhSo=
29,-1,DRbxWdxebjDuuaUK8TVdzTdWHq4=,5CRxjV+uw3yGtKa0sjy832slhSo=
25,-7,DRbxWdxebjDuuaUK8TVdzTdWHq4=,5CRxjV+uw3yGtKa0sjy832slhSo=
29,-7,DRbxWdxebjDuuaUK8TVdzTdWHq4=,5CRxjV+uw3yGtKa0sjy832slhSo=
26,-1,DRbxWdxebjDuuaUK8TVdzTdWHq4=,5CRxjV+uw3yGtKa0sjy832slhSo=
30,-1,DRbxWdxebjDuuaUK8TVdzTdWHq4=,5CRxjV+uw3yGtKa0sjy832slhSo=
28,-1,DRbxWdxebjDuuaUK8TVdzTdWHq4=,5CRxjV+uw3yGtKa0sjy832slhSo=
21,-7,DRbxWdxebjDuuaUK8TVdzTdWHq4=,5CRxjV+uw3yGtKa0sjy832slhSo=
22,-7,DRbxWdxebjDuuaUK8TVdzTdWHq4=,5CRxjV+uw3yGtKa0sjy832slhSo=
20,-7,DRbxWdxebjDuuaUK8TVdzTdWHq4=,5CRxjV+uw3yGtKa0sjy832slhSo=
18,-14,DRbxWdxebjDuuaUK8TVdzTdWHq4=,5CRxjV+uw3yGtKa0sjy832slhSo=
23,-1,DRbxWdxebjDuuaUK8TVdzTdWHq4=,5CRxjV+uw3yGtKa0sjy832slhSo=
24,-1,DRbxWdxebjDuuaUK8TVdzTdWHq4=,5CRxjV+uw3yGtKa0sjy832slhSo=
22,-1,DRbxWdxebjDuuaUK8TVdzTdWHq4=,5CRxjV+uw3yGtKa0sjy832slhSo=
26,-7,DRbxWdxebjDuuaUK8TVdzTdWHq4=,5CRxjV+uw3yGtKa0sjy832slhSo=
19,-14,DRbxWdxebjDuuaUK8TVdzTdWHq4=,5CRxjV+uw3yGtKa0sjy832slhSo=
20,-1,DRbxWdxebjDuuaUK8TVdzTdWHq4=,5CRxjV+uw3yGtKa0sjy832slhSo=
30,-7,DRbxWdxebjDuuaUK8TVdzTdWHq4=,5CRxjV+uw3yGtKa0sjy832slhSo=
24,-7,DRbxWdxebjDuuaUK8TVdzTdWHq4=,5CRxjV+uw3yGtKa0sjy832slhSo=
28,-7,DRbxWdxebjDuuaUK8TVdzTdWHq4=,5CRxjV+uw3yGtKa0sjy832slhSo=
27,-1,DRbxWdxebjDuuaUK8TVdzTdWHq4=,5CRxjV+uw3yGtKa0sjy832slhSo=
17,-1,DRbxWdxebjDuuaUK8TVdzTdWHq4=,5CRxjV+uw3yGtKa0sjy832slhSo=
27,-7,DRbxWdxebjDuuaUK8TVdzTdWHq4=,5CRxjV+uw3yGtKa0sjy832slhSo=
25,-1,DRbxWdxebjDuuaUK8TVdzTdWHq4=,5CRxjV+uw3yGtKa0sjy832slhSo=
16,-1,DRbxWdxebjDuuaUK8TVdzTdWHq4=,5CRxjV+uw3yGtKa0sjy832slhSo=
17,-7,DRbxWdxebjDuuaUK8TVdzTdWHq4=,5CRxjV+uw3yGtKa0sjy832slhSo=
30,-2,DRbxWdxebjDuuaUK8TVdzTdWHq4=,5CRxjV+uw3yGtKa0sjy832slhSo=
27,-2,DRbxWdxebjDuuaUK8TVdzTdWHq4=,5CRxjV+uw3yGtKa0sjy832slhSo=
20,-14,DRbxWdxebjDuuaUK8TVdzTdWHq4=,5CRxjV+uw3yGtKa0sjy832slhSo=
29,-2,DRbxWdxebjDuuaUK8TVdzTdWHq4=,5CRxjV+uw3yGtKa0sjy832slhSo=
24,-2,DRbxWdxebjDuuaUK8TVdzTdWHq4=,5CRxjV+uw3yGtKa0sjy832slhSo=
28,-2,DRbxWdxebjDuuaUK8TVdzTdWHq4=,5CRxjV+uw3yGtKa0sjy832slhSo=
26,-2,DRbxWdxebjDuuaUK8TVdzTdWHq4=,5CRxjV+uw3yGtKa0sjy832slhSo=
31,-2,DRbxWdxebjDuuaUK8TVdzTdWHq4=,5CRxjV+uw3yGtKa0sjy832slhSo=
18,-7,DRbxWdxebjDuuaUK8TVdzTdWHq4=,5CRxjV+uw3yGtKa0sjy832slhSo=
25,-2,DRbxWdxebjDuuaUK8TVdzTdWHq4=,5CRxjV+uw3yGtKa0sjy832slhSo=
19,-1,DRbxWdxebjDuuaUK8TVdzTdWHq4=,5CRxjV+uw3yGtKa0sjy832slhSo=
18,-1,DRbxWdxebjDuuaUK8TVdzTdWHq4=,5CRxjV+uw3yGtKa0sjy832slhSo=
31,-8,DRbxWdxebjDuuaUK8TVdzTdWHq4=,5CRxjV+uw3yGtKa0sjy832slhSo=
23,-2,DRbxWdxebjDuuaUK8TVdzTdWHq4=,5CRxjV+uw3yGtKa0sjy832slhSo=
16,-7,DRbxWdxebjDuuaUK8TVdzTdWHq4=,5CRxjV+uw3yGtKa0sjy832slhSo=
21,-2,DRbxWdxebjDuuaUK8TVdzTdWHq4=,5CRxjV+uw3yGtKa0sjy832slhSo=
21,-1,DRbxWdxebjDuuaUK8TVdzTdWHq4=,5CRxjV+uw3yGtKa0sjy832slhSo=
17,-2,DRbxWdxebjDuuaUK8TVdzTdWHq4=,5CRxjV+uw3yGtKa0sjy832slhSo=
22,-2,DRbxWdxebjDuuaUK8TVdzTdWHq4=,5CRxjV+uw3yGtKa0sjy832slhSo=
30,-8,DRbxWdxebjDuuaUK8TVdzTdWHq4=,5CRxjV+uw3yGtKa0sjy832slhSo=
20,-16,DRbxWdxebjDuuaUK8TVdzTdWHq4=,5CRxjV+uw3yGtKa0sjy832slhSo=
19,-2,DRbxWdxebjDuuaUK8TVdzTdWHq4=,5CRxjV+uw3yGtKa0sjy832slhSo=
20,-2,DRbxWdxebjDuuaUK8TVdzTdWHq4=,5CRxjV+uw3yGtKa0sjy832slhSo=
31,-3,DRbxWdxebjDuuaUK8TVdzTdWHq4=,5CRxjV+uw3yGtKa0sjy832slhSo=
29,-8,DRbxWdxebjDuuaUK8TVdzTdWHq4=,5CRxjV+uw3yGtKa0sjy832slhSo=
30,-3,DRbxWdxebjDuuaUK8TVdzTdWHq4=,5CRxjV+uw3yGtKa0sjy832slhSo=
24,-3,DRbxWdxebjDuuaUK8TVdzTdWHq4=,5CRxjV+uw3yGtKa0sjy832slhSo=
25,-3,DRbxWdxebjDuuaUK8TVdzTdWHq4=,5CRxjV+uw3yGtKa0sjy832slhSo=
27,-3,DRbxWdxebjDuuaUK8TVdzTdWHq4=,5CRxjV+uw3yGtKa0sjy832slhSo=
29,-3,DRbxWdxebjDuuaUK8TVdzTdWHq4=,5CRxjV+uw3yGtKa0sjy832slhSo=
23,-3,DRbxWdxebjDuuaUK8TVdzTdWHq4=,5CRxjV+uw3yGtKa0sjy832slhSo=
28,-3,DRbxWdxebjDuuaUK8TVdzTdWHq4=,5CRxjV+uw3yGtKa0sjy832slhSo=
16,-2,DRbxWdxebjDuuaUK8TVdzTdWHq4=,5CRxjV+uw3yGtKa0sjy832slhSo=
18,-2,DRbxWdxebjDuuaUK8TVdzTdWHq4=,5CRxjV+uw3yGtKa0sjy832slhSo=
21,-3,DRbxWdxebjDuuaUK8TVdzTdWHq4=,5CRxjV+uw3yGtKa0sjy832slhSo=
22,-3,DRbxWdxebjDuuaUK8TVdzTdWHq4=,5CRxjV+uw3yGtKa0sjy832slhSo=
27,-16,DRbxWdxebjDuuaUK8TVdzTdWHq4=,5CRxjV+uw3yGtKa0sjy832slhSo=
26,-3,DRbxWdxebjDuuaUK8TVdzTdWHq4=,5CRxjV+uw3yGtKa0sjy832slhSo=
17,-3,DRbxWdxebjDuuaUK8TVdzTdWHq4=,5CRxjV+uw3yGtKa0sjy832slhSo=
31,-4,DRbxWdxebjDuuaUK8TVdzTdWHq4=,5CRxjV+uw3yGtKa0sjy832slhSo=
16,-3,DRbxWdxebjDuuaUK8TVdzTdWHq4=,5CRxjV+uw3yGtKa0sjy832slhSo=
18,-3,DRbxWdxebjDuuaUK8TVdzTdWHq4=,5CRxjV+uw3yGtKa0sjy832slhSo=
20,-3,DRbxWdxebjDuuaUK8TVdzTdWHq4=,5CRxjV+uw3yGtKa0sjy832slhSo=
28,-8,DRbxWdxebjDuuaUK8TVdzTdWHq4=,5CRxjV+uw3yGtKa0sjy832slhSo=
27,-8,DRbxWdxebjDuuaUK8TVdzTdWHq4=,5CRxjV+uw3yGtKa0sjy832slhSo=
28,-4,DRbxWdxebjDuuaUK8TVdzTdWHq4=,5CRxjV+uw3yGtKa0sjy832slhSo=
29,-4,DRbxWdxebjDuuaUK8TVdzTdWHq4=,5CRxjV+uw3yGtKa0sjy832slhSo=
27,-4,DRbxWdxebjDuuaUK8TVdzTdWHq4=,5CRxjV+uw3yGtKa0sjy832slhSo=
25,-10,DRbxWdxebjDuuaUK8TVdzTdWHq4=,5CRxjV+uw3yGtKa0sjy832slhSo=
24,-10,DRbxWdxebjDuuaUK8TVdzTdWHq4=,5CRxjV+uw3yGtKa0sjy832slhSo=
26,-4,DRbxWdxebjDuuaUK8TVdzTdWHq4=,5CRxjV+uw3yGtKa0sjy832slhSo=
26,-10,DRbxWdxebjDuuaUK8TVdzTdWHq4=,5CRxjV+uw3yGtKa0sjy832slhSo=
17,-15,DRbxWdxebjDuuaUK8TVdzTdWHq4=,5CRxjV+uw3yGtKa0sjy832slhSo=
19,-3,DRbxWdxebjDuuaUK8TVdzTdWHq4=,5CRxjV+uw3yGtKa0sjy832slhSo=
26,-8,DRbxWdxebjDuuaUK8TVdzTdWHq4=,5CRxjV+uw3yGtKa0sjy832slhSo=
30,-4,DRbxWdxebjDuuaUK8TVdzTdWHq4=,5CRxjV+uw3yGtKa0sjy832slhSo=
19,-16,DRbxWdxebjDuuaUK8TVdzTdWHq4=,5CRxjV+uw3yGtKa0sjy832slhSo=
23,-4,DRbxWdxebjDuuaUK8TVdzTdWHq4=,5CRxjV+uw3yGtKa0sjy832slhSo=
25,-4,DRbxWdxebjDuuaUK8TVdzTdWHq4=,5CRxjV+uw3yGtKa0sjy832slhSo=
22,-4,DRbxWdxebjDuuaUK8TVdzTdWHq4=,5CRxjV+uw3yGtKa0sjy832slhSo=
25,-8,DRbxWdxebjDuuaUK8TVdzTdWHq4=,5CRxjV+uw3yGtKa0sjy832slhSo=
21,-14,DRbxWdxebjDuuaUK8TVdzTdWHq4=,5CRxjV+uw3yGtKa0sjy832slhSo=
23,-10,DRbxWdxebjDuuaUK8TVdzTdWHq4=,5CRxjV+uw3yGtKa0sjy832slhSo=
21,-8,DRbxWdxebjDuuaUK8TVdzTdWHq4=,5CRxjV+uw3yGtKa0sjy832slhSo=
19,-8,DRbxWdxebjDuuaUK8TVdzTdWHq4=,5CRxjV+uw3yGtKa0sjy832slhSo=
24,-8,DRbxWdxebjDuuaUK8TVdzTdWHq4=,5CRxjV+uw3yGtKa0sjy832slhSo=
22,-8,DRbxWdxebjDuuaUK8TVdzTdWHq4=,5CRxjV+uw3yGtKa0sjy832slhSo=
17,-4,DRbxWdxebjDuuaUK8TVdzTdWHq4=,5CRxjV+uw3yGtKa0sjy832slhSo=
19,-4,DRbxWdxebjDuuaUK8TVdzTdWHq4=,5CRxjV+uw3yGtKa0sjy832slhSo=
21,-4,DRbxWdxebjDuuaUK8TVdzTdWHq4=,5CRxjV+uw3yGtKa0sjy832slhSo=
31,-5,DRbxWdxebjDuuaUK8TVdzTdWHq4=,5CRxjV+uw3yGtKa0sjy832slhSo=
20,-8,DRbxWdxebjDuuaUK8TVdzTdWHq4=,5CRxjV+uw3yGtKa0sjy832slhSo=
24,-4,DRbxWdxebjDuuaUK8TVdzTdWHq4=,5CRxjV+uw3yGtKa0sjy832slhSo=
20,-4,DRbxWdxebjDuuaUK8TVdzTdWHq4=,5CRxjV+uw3yGtKa0sjy832slhSo=
16,-4,DRbxWdxebjDuuaUK8TVdzTdWHq4=,5CRxjV+uw3yGtKa0sjy832slhSo=
29,-5,DRbxWdxebjDuuaUK8TVdzTdWHq4=,5CRxjV+uw3yGtKa0sjy832slhSo=
30,-5,DRbxWdxebjDuuaUK8TVdzTdWHq4=,5CRxjV+uw3yGtKa0sjy832slhSo=
27,-5,DRbxWdxebjDuuaUK8TVdzTdWHq4=,5CRxjV+uw3yGtKa0sjy832slhSo=
18,-8,DRbxWdxebjDuuaUK8TVdzTdWHq4=,5CRxjV+uw3yGtKa0sjy832slhSo=
28,-5,DRbxWdxebjDuuaUK8TVdzTdWHq4=,5CRxjV+uw3yGtKa0sjy832slhSo=
18,-4,DRbxWdxebjDuuaUK8TVdzTdWHq4=,5CRxjV+uw3yGtKa0sjy832slhSo=
23,-5,DRbxWdxebjDuuaUK8TVdzTdWHq4=,5CRxjV+uw3yGtKa0sjy832slhSo=
17,-8,DRbxWdxebjDuuaUK8TVdzTdWHq4=,5CRxjV+uw3yGtKa0sjy832slhSo=
22,-5,DRbxWdxebjDuuaUK8TVdzTdWHq4=,5CRxjV+uw3yGtKa0sjy832slhSo=
26,-5,DRbxWdxebjDuuaUK8TVdzTdWHq4=,5CRxjV+uw3yGtKa0sjy832slhSo=
24,-5,DRbxWdxebjDuuaUK8TVdzTdWHq4=,5CRxjV+uw3yGtKa0sjy832slhSo=
25,-5,DRbxWdxebjDuuaUK8TVdzTdWHq4=,5CRxjV+uw3yGtKa0sjy832slhSo=
19,-5,DRbxWdxebjDuuaUK8TVdzTdWHq4=,5CRxjV+uw3yGtKa0sjy832slhSo=
31,-6,DRbxWdxebjDuuaUK8TVdzTdWHq4=,5CRxjV+uw3yGtKa0sjy832slhSo=
17,-5,DRbxWdxebjDuuaUK8TVdzTdWHq4=,5CRxjV+uw3yGtKa0sjy832slhSo=
30,-6,DRbxWdxebjDuuaUK8TVdzTdWHq4=,5CRxjV+uw3yGtKa0sjy832slhSo=
29,-6,DRbxWdxebjDuuaUK8TVdzTdWHq4=,5CRxjV+uw3yGtKa0sjy832slhSo=
16,-8,DRbxWdxebjDuuaUK8TVdzTdWHq4=,5CRxjV+uw3yGtKa0sjy832slhSo=
21,-5,DRbxWdxebjDuuaUK8TVdzTdWHq4=,5CRxjV+uw3yGtKa0sjy832slhSo=
28,-6,DRbxWdxebjDuuaUK8TVdzTdWHq4=,5CRxjV+uw3yGtKa0sjy832slhSo=
31,-9,DRbxWdxebjDuuaUK8TVdzTdWHq4=,5CRxjV+uw3yGtKa0sjy832slhSo=
20,-5,DRbxWdxebjDuuaUK8TVdzTdWHq4=,5CRxjV+uw3yGtKa0sjy832slhSo=
24,-6,DRbxWdxebjDuuaUK8TVdzTdWHq4=,5CRxjV+uw3yGtKa0sjy832slhSo=
26,-6,DRbxWdxebjDuuaUK8TVdzTdWHq4=,5CRxjV+uw3yGtKa0sjy832slhSo=
18,-5,DRbxWdxebjDuuaUK8TVdzTdWHq4=,5CRxjV+uw3yGtKa0sjy832slhSo=
27,-6,DRbxWdxebjDuuaUK8TVdzTdWHq4=,5CRxjV+uw3yGtKa0sjy832slhSo=
16,-5,DRbxWdxebjDuuaUK8TVdzTdWHq4=,5CRxjV+uw3yGtKa0sjy832slhSo=
23,-6,DRbxWdxebjDuuaUK8TVdzTdWHq4=,5CRxjV+uw3yGtKa0sjy832slhSo=
21,-6,DRbxWdxebjDuuaUK8TVdzTdWHq4=,5CRxjV+uw3yGtKa0sjy832slhSo=
22,-6,DRbxWdxebjDuuaUK8TVdzTdWHq4=,5CRxjV+uw3yGtKa0sjy832slhSo=
19,-6,DRbxWdxebjDuuaUK8TVdzTdWHq4=,5CRxjV+uw3yGtKa0sjy832slhSo=
20,-6,DRbxWdxebjDuuaUK8TVdzTdWHq4=,5CRxjV+uw3yGtKa0sjy832slhSo=
25,-6,DRbxWdxebjDuuaUK8TVdzTdWHq4=,5CRxjV+uw3yGtKa0sjy832slhSo=
29,-9,DRbxWdxebjDuuaUK8TVdzTdWHq4=,5CRxjV+uw3yGtKa0sjy832slhSo=
18,-6,DRbxWdxebjDuuaUK8TVdzTdWHq4=,5CRxjV+uw3yGtKa0sjy832slhSo=
16,-6,DRbxWdxebjDuuaUK8TVdzTdWHq4=,5CRxjV+uw3yGtKa0sjy832slhSo=
17,-6,DRbxWdxebjDuuaUK8TVdzTdWHq4=,5CRxjV+uw3yGtKa0sjy832slhSo=
22,-10,DRbxWdxebjDuuaUK8TVdzTdWHq4=,5CRxjV+uw3yGtKa0sjy832slhSo=
21,-10,DRbxWdxebjDuuaUK8TVdzTdWHq4=,5CRxjV+uw3yGtKa0sjy832slhSo=
30,-9,DRbxWdxebjDuuaUK8TVdzTdWHq4=,5CRxjV+uw3yGtKa0sjy832slhSo=
31,-15,DRbxWdxebjDuuaUK8TVdzTdWHq4=,5CRxjV+uw3yGtKa0sjy832slhSo=
17,-14,DRbxWdxebjDuuaUK8TVdzTdWHq4=,5CRxjV+uw3yGtKa0sjy832slhSo=
16,-14,DRbxWdxebjDuuaUK8TVdzTdWHq4=,5CRxjV+uw3yGtKa0sjy832slhSo=
26,-9,DRbxWdxebjDuuaUK8TVdzTdWHq4=,5CRxjV+uw3yGtKa0sjy832slhSo=
28,-15,DRbxWdxebjDuuaUK8TVdzTdWHq4=,5CRxjV+uw3yGtKa0sjy832slhSo=
30,-15,DRbxWdxebjDuuaUK8TVdzTdWHq4=,5CRxjV+uw3yGtKa0sjy832slhSo=
20,-10,DRbxWdxebjDuuaUK8TVdzTdWHq4=,5CRxjV+uw3yGtKa0sjy832slhSo=
25,-9,DRbxWdxebjDuuaUK8TVdzTdWHq4=,5CRxjV+uw3yGtKa0sjy832slhSo=
27,-9,DRbxWdxebjDuuaUK8TVdzTdWHq4=,5CRxjV+uw3yGtKa0sjy832slhSo=
19,-10,DRbxWdxebjDuuaUK8TVdzTdWHq4=,5CRxjV+uw3yGtKa0sjy832slhSo=
29,-15,DRbxWdxebjDuuaUK8TVdzTdWHq4=,5CRxjV+uw3yGtKa0sjy832slhSo=
24,-9,DRbxWdxebjDuuaUK8TVdzTdWHq4=,5CRxjV+uw3yGtKa0sjy832slhSo=
23,-9,DRbxWdxebjDuuaUK8TVdzTdWHq4=,5CRxjV+uw3yGtKa0sjy832slhSo=
28,-9,DRbxWdxebjDuuaUK8TVdzTdWHq4=,5CRxjV+uw3yGtKa0sjy832slhSo=
16,-10,DRbxWdxebjDuuaUK8TVdzTdWHq4=,5CRxjV+uw3yGtKa0sjy832slhSo=
18,-10,DRbxWdxebjDuuaUK8TVdzTdWHq4=,5CRxjV+uw3yGtKa0sjy832slhSo=
22,-9,DRbxWdxebjDuuaUK8TVdzTdWHq4=,5CRxjV+uw3yGtKa0sjy832slhSo=
30,-11,DRbxWdxebjDuuaUK8TVdzTdWHq4=,5CRxjV+uw3yGtKa0sjy832slhSo=
17,-16,DRbxWdxebjDuuaUK8TVdzTdWHq4=,5CRxjV+uw3yGtKa0sjy832slhSo=
17,-10,DRbxWdxebjDuuaUK8TVdzTdWHq4=,5CRxjV+uw3yGtKa0sjy832slhSo=
31,-11,b3yfXR3vpx8NZtJTKKCrYkfaffs=,5CRxjV+uw3yGtKa0sjy832slhSo=
26,-16,b3yfXR3vpx8NZtJTKKCrYkfaffs=,5CRxjV+uw3yGtKa0sjy832slhSo=
24,-11,b3yfXR3vpx8NZtJTKKCrYkfaffs=,5CRxjV+uw3yGtKa0sjy832slhSo=
16,-15,b3yfXR3vpx8NZtJTKKCrYkfaffs=,5CRxjV+uw3yGtKa0sjy832slhSo=
23,-7,b3yfXR3vpx8NZtJTKKCrYkfaffs=,5CRxjV+uw3yGtKa0sjy832slhSo=
23,-11,b3yfXR3vpx8NZtJTKKCrYkfaffs=,5CRxjV+uw3yGtKa0sjy832slhSo=
20,-9,b3yfXR3vpx8NZtJTKKCrYkfaffs=,5CRxjV+uw3yGtKa0sjy832slhSo=
19,-9,b3yfXR3vpx8NZtJTKKCrYkfaffs=,5CRxjV+uw3yGtKa0sjy832slhSo=
27,-10,b3yfXR3vpx8NZtJTKKCrYkfaffs=,5CRxjV+uw3yGtKa0sjy832slhSo=
21,-9,b3yfXR3vpx8NZtJTKKCrYkfaffs=,5CRxjV+uw3yGtKa0sjy832slhSo=
16,-9,b3yfXR3vpx8NZtJTKKCrYkfaffs=,5CRxjV+uw3yGtKa0sjy832slhSo=
23,-8,b3yfXR3vpx8NZtJTKKCrYkfaffs=,5CRxjV+uw3yGtKa0sjy832slhSo=
31,-10,b3yfXR3vpx8NZtJTKKCrYkfaffs=,5CRxjV+uw3yGtKa0sjy832slhSo=
30,-10,b3yfXR3vpx8NZtJTKKCrYkfaffs=,5CRxjV+uw3yGtKa0sjy832slhSo=
18,-9,b3yfXR3vpx8NZtJTKKCrYkfaffs=,5CRxjV+uw3yGtKa0sjy832slhSo=
18,-16,b3yfXR3vpx8NZtJTKKCrYkfaffs=,5CRxjV+uw3yGtKa0sjy832slhSo=
27,-15,b3yfXR3vpx8NZtJTKKCrYkfaffs=,5CRxjV+uw3yGtKa0sjy832slhSo=
22,-11,b3yfXR3vpx8NZtJTKKCrYkfaffs=,5CRxjV+uw3yGtKa0sjy832slhSo=
17,-9,b3yfXR3vpx8NZtJTKKCrYkfaffs=,5CRxjV+uw3yGtKa0sjy832slhSo=
21,-11,b3yfXR3vpx8NZtJTKKCrYkfaffs=,5CRxjV+uw3yGtKa0sjy832slhSo=
22,-14,b3yfXR3vpx8NZtJTKKCrYkfaffs=,5CRxjV+uw3yGtKa0sjy832slhSo=
20,-11,b3yfXR3vpx8NZtJTKKCrYkfaffs=,5CRxjV+uw3yGtKa0sjy832slhSo=
19,-11,b3yfXR3vpx8NZtJTKKCrYkfaffs=,5CRxjV+uw3yGtKa0sjy832slhSo=
18,-11,b3yfXR3vpx8NZtJTKKCrYkfaffs=,5CRxjV+uw3yGtKa0sjy832slhSo=
21,-15,b3yfXR3vpx8NZtJTKKCrYkfaffs=,5CRxjV+uw3yGtKa0sjy832slhSo=
26,-11,b3yfXR3vpx8NZtJTKKCrYkfaffs=,5CRxjV+uw3yGtKa0sjy832slhSo=
25,-11,b3yfXR3vpx8NZtJTKKCrYkfaffs=,5CRxjV+uw3yGtKa0sjy832slhSo=
31,-16,b3yfXR3vpx8NZtJTKKCrYkfaffs=,5CRxjV+uw3yGtKa0sjy832slhSo=
30,-16,b3yfXR3vpx8NZtJTKKCrYkfaffs=,5CRxjV+uw3yGtKa0sjy832slhSo=
16,-16,b3yfXR3vpx8NZtJTKKCrYkfaffs=,5CRxjV+uw3yGtKa0sjy832slhSo=
16,-11,b3yfXR3vpx8NZtJTKKCrYkfaffs=,5CRxjV+uw3yGtKa0sjy832slhSo=
17,-11,b3yfXR3vpx8NZtJTKKCrYkfaffs=,5CRxjV+uw3yGtKa0sjy832slhSo=
31,-12,b3yfXR3vpx8NZtJTKKCrYkfaffs=,5CRxjV+uw3yGtKa0sjy832slhSo=
26,-15,b3yfXR3vpx8NZtJTKKCrYkfaffs=,5CRxjV+uw3yGtKa0sjy832slhSo=
25,-16,b3yfXR3vpx8NZtJTKKCrYkfaffs=,5CRxjV+uw3yGtKa0sjy832slhSo=
30,-12,b3yfXR3vpx8NZtJTKKCrYkfaffs=,5CRxjV+uw3yGtKa0sjy832slhSo=
29,-11,b3yfXR3vpx8NZtJTKKCrYkfaffs=,5CRxjV+uw3yGtKa0sjy832slhSo=
29,-10,b3yfXR3vpx8NZtJTKKCrYkfaffs=,5CRxjV+uw3yGtKa0sjy832slhSo=
24,-15,b3yfXR3vpx8NZtJTKKCrYkfaffs=,5CRxjV+uw3yGtKa0sjy832slhSo=
27,-11,b3yfXR3vpx8NZtJTKKCrYkfaffs=,5CRxjV+uw3yGtKa0sjy832slhSo=
28,-11,b3yfXR3vpx8NZtJTKKCrYkfaffs=,5CRxjV+uw3yGtKa0sjy832slhSo=
25,-15,b3yfXR3vpx8NZtJTKKCrYkfaffs=,5CRxjV+uw3yGtKa0sjy832slhSo=
24,-16,b3yfXR3vpx8NZtJTKKCrYkfaffs=,5CRxjV+uw3yGtKa0sjy832slhSo=
23,-12,b3yfXR3vpx8NZtJTKKCrYkfaffs=,5CRxjV+uw3yGtKa0sjy832slhSo=
20,-15,b3yfXR3vpx8NZtJTKKCrYkfaffs=,5CRxjV+uw3yGtKa0sjy832slhSo=
22,-12,b3yfXR3vpx8NZtJTKKCrYkfaffs=,5CRxjV+uw3yGtKa0sjy832slhSo=
19,-12,b3yfXR3vpx8NZtJTKKCrYkfaffs=,5CRxjV+uw3yGtKa0sjy832slhSo=
20,-12,b3yfXR3vpx8NZtJTKKCrYkfaffs=,5CRxjV+uw3yGtKa0sjy832slhSo=
21,-12,b3yfXR3vpx8NZtJTKKCrYkfaffs=,5CRxjV+uw3yGtKa0sjy832slhSo=
29,-16,b3yfXR3vpx8NZtJTKKCrYkfaffs=,5CRxjV+uw3yGtKa0sjy832slhSo=
22,-16,b3yfXR3vpx8NZtJTKKCrYkfaffs=,5CRxjV+uw3yGtKa0sjy832slhSo=
18,-12,b3yfXR3vpx8NZtJTKKCrYkfaffs=,5CRxjV+uw3yGtKa0sjy832slhSo=
17,-12,b3yfXR3vpx8NZtJTKKCrYkfaffs=,5CRxjV+uw3yGtKa0sjy832slhSo=
22,-15,b3yfXR3vpx8NZtJTKKCrYkfaffs=,5CRxjV+uw3yGtKa0sjy832slhSo=
28,-10,b3yfXR3vpx8NZtJTKKCrYkfaffs=,5CRxjV+uw3yGtKa0sjy832slhSo=
16,-12,b3yfXR3vpx8NZtJTKKCrYkfaffs=,5CRxjV+uw3yGtKa0sjy832slhSo=
31,-13,b3yfXR3vpx8NZtJTKKCrYkfaffs=,5CRxjV+uw3yGtKa0sjy832slhSo=
19,-15,b3yfXR3vpx8NZtJTKKCrYkfaffs=,5CRxjV+uw3yGtKa0sjy832slhSo=
30,-13,b3yfXR3vpx8NZtJTKKCrYkfaffs=,5CRxjV+uw3yGtKa0sjy832slhSo=
23,-16,b3yfXR3vpx8NZtJTKKCrYkfaffs=,5CRxjV+uw3yGtKa0sjy832slhSo=
29,-13,b3yfXR3vpx8NZtJTKKCrYkfaffs=,5CRxjV+uw3yGtKa0sjy832slhSo=
21,-13,b3yfXR3vpx8NZtJTKKCrYkfaffs=,5CRxjV+uw3yGtKa0sjy832slhSo=
23,-15,b3yfXR3vpx8NZtJTKKCrYkfaffs=,5CRxjV+uw3yGtKa0sjy832slhSo=
22,-13,b3yfXR3vpx8NZtJTKKCrYkfaffs=,5CRxjV+uw3yGtKa0sjy832slhSo=
20,-13,b3yfXR3vpx8NZtJTKKCrYkfaffs=,5CRxjV+uw3yGtKa0sjy832slhSo=
28,-16,b3yfXR3vpx8NZtJTKKCrYkfaffs=,5CRxjV+uw3yGtKa0sjy832slhSo=
19,-13,b3yfXR3vpx8NZtJTKKCrYkfaffs=,5CRxjV+uw3yGtKa0sjy832slhSo=
18,-13,b3yfXR3vpx8NZtJTKKCrYkfaffs=,5CRxjV+uw3yGtKa0sjy832slhSo=
21,-16,b3yfXR3vpx8NZtJTKKCrYkfaffs=,5CRxjV+uw3yGtKa0sjy832slhSo=
16,-13,b3yfXR3vpx8NZtJTKKCrYkfaffs=,5CRxjV+uw3yGtKa0sjy832slhSo=
23,-14,b3yfXR3vpx8NZtJTKKCrYkfaffs=,5CRxjV+uw3yGtKa0sjy832slhSo=
17,-13,b3yfXR3vpx8NZtJTKKCrYkfaffs=,5CRxjV+uw3yGtKa0sjy832slhSo=
31,-14,b3yfXR3vpx8NZtJTKKCrYkfaffs=,5CRxjV+uw3yGtKa0sjy832slhSo=
29,-12,b3yfXR3vpx8NZtJTKKCrYkfaffs=,5CRxjV+uw3yGtKa0sjy832slhSo=
30,-14,b3yfXR3vpx8NZtJTKKCrYkfaffs=,5CRxjV+uw3yGtKa0sjy832slhSo=
28,-14,b3yfXR3vpx8NZtJTKKCrYkfaffs=,5CRxjV+uw3yGtKa0sjy832slhSo=
29,-14,b3yfXR3vpx8NZtJTKKCrYkfaffs=,5CRxjV+uw3yGtKa0sjy832slhSo=
18,-15,b3yfXR3vpx8NZtJTKKCrYkfaffs=,5CRxjV+uw3yGtKa0sjy832slhSo=
28,-12,b3yfXR3vpx8NZtJTKKCrYkfaffs=,5CRxjV+uw3yGtKa0sjy832slhSo=
27,-12,b3yfXR3vpx8NZtJTKKCrYkfaffs=,5CRxjV+uw3yGtKa0sjy832slhSo=
25,-12,b3yfXR3vpx8NZtJTKKCrYkfaffs=,5CRxjV+uw3yGtKa0sjy832slhSo=
24,-12,b3yfXR3vpx8NZtJTKKCrYkfaffs=,5CRxjV+uw3yGtKa0sjy832slhSo=
26,-12,b3yfXR3vpx8NZtJTKKCrYkfaffs=,5CRxjV+uw3yGtKa0sjy832slhSo=
25,-13,b3yfXR3vpx8NZtJTKKCrYkfaffs=,5CRxjV+uw3yGtKa0sjy832slhSo=
26,-13,b3yfXR3vpx8NZtJTKKCrYkfaffs=,5CRxjV+uw3yGtKa0sjy832slhSo=
28,-13,b3yfXR3vpx8NZtJTKKCrYkfaffs=,5CRxjV+uw3yGtKa0sjy832slhSo=
27,-13,b3yfXR3vpx8NZtJTKKCrYkfaffs=,5CRxjV+uw3yGtKa0sjy832slhSo=
23,-13,b3yfXR3vpx8NZtJTKKCrYkfaffs=,5CRxjV+uw3yGtKa0sjy832slhSo=
24,-13,b3yfXR3vpx8NZtJTKKCrYkfaffs=,5CRxjV+uw3yGtKa0sjy832slhSo=
24,-14,b3yfXR3vpx8NZtJTKKCrYkfaffs=,5CRxjV+uw3yGtKa0sjy832slhSo=
26,-14,b3yfXR3vpx8NZtJTKKCrYkfaffs=,5CRxjV+uw3yGtKa0sjy832slhSo=
25,-14,b3yfXR3vpx8NZtJTKKCrYkfaffs=,5CRxjV+uw3yGtKa0sjy832slhSo=
27,-14,b3yfXR3vpx8NZtJTKKCrYkfaffs=,5CRxjV+uw3yGtKa0sjy832slhSo=
30,-17,qBK/ynQRjMTR19k6ML+DiUWjggw=,/NPy2NXfNIL5TRkCYGlYOe7iQuI=
28,-17,qBK/ynQRjMTR19k6ML+DiUWjggw=,/NPy2NXfNIL5TRkCYGlYOe7iQuI=
31,-17,qBK/ynQRjMTR19k6ML+DiUWjggw=,/NPy2NXfNIL5TRkCYGlYOe7iQuI=
27,-17,qBK/ynQRjMTR19k6ML+DiUWjggw=,/NPy2NXfNIL5TRkCYGlYOe7iQuI=
29,-17,qBK/ynQRjMTR19k6ML+DiUWjggw=,/NPy2NXfNIL5TRkCYGlYOe7iQuI=
25,-17,qBK/ynQRjMTR19k6ML+DiUWjggw=,/NPy2NXfNIL5TRkCYGlYOe7iQuI=
26,-17,qBK/ynQRjMTR19k6ML+DiUWjggw=,/NPy2NXfNIL5TRkCYGlYOe7iQuI=
24,-17,qBK/ynQRjMTR19k6ML+DiUWjggw=,/NPy2NXfNIL5TRkCYGlYOe7iQuI=
23,-17,qBK/ynQRjMTR19k6ML+DiUWjggw=,/NPy2NXfNIL5TRkCYGlYOe7iQuI=
22,-17,qBK/ynQRjMTR19k6ML+DiUWjggw=,/NPy2NXfNIL5TRkCYGlYOe7iQuI=
20,-17,qBK/ynQRjMTR19k6ML+DiUWjggw=,/NPy2NXfNIL5TRkCYGlYOe7iQuI=
21,-17,qBK/ynQRjMTR19k6ML+DiUWjggw=,/NPy2NXfNIL5TRkCYGlYOe7iQuI=
19,-17,qBK/ynQRjMTR19k6ML+DiUWjggw=,/NPy2NXfNIL5TRkCYGlYOe7iQuI=
20,-30,qBK/ynQRjMTR19k6ML+DiUWjggw=,/NPy2NXfNIL5TRkCYGlYOe7iQuI=
20,-31,qBK/ynQRjMTR19k6ML+DiUWjggw=,/NPy2NXfNIL5TRkCYGlYOe7iQuI=
18,-17,qBK/ynQRjMTR19k6ML+DiUWjggw=,/NPy2NXfNIL5TRkCYGlYOe7iQuI=
21,-31,qBK/ynQRjMTR19k6ML+DiUWjggw=,/NPy2NXfNIL5TRkCYGlYOe7iQuI=
24,-29,qBK/ynQRjMTR19k6ML+DiUWjggw=,/NPy2NXfNIL5TRkCYGlYOe7iQuI=
17,-17,qBK/ynQRjMTR19k6ML+DiUWjggw=,/NPy2NXfNIL5TRkCYGlYOe7iQuI=
22,-31,qBK/ynQRjMTR19k6ML+DiUWjggw=,/NPy2NXfNIL5TRkCYGlYOe7iQuI=
17,-32,qBK/ynQRjMTR19k6ML+DiUWjggw=,/NPy2NXfNIL5TRkCYGlYOe7iQuI=
23,-29,qBK/ynQRjMTR19k6ML+DiUWjggw=,/NPy2NXfNIL5TRkCYGlYOe7iQuI=
22,-29,qBK/ynQRjMTR19k6ML+DiUWjggw=,/NPy2NXfNIL5TRkCYGlYOe7iQuI=
19,-30,qBK/ynQRjMTR19k6ML+DiUWjggw=,/NPy2NXfNIL5TRkCYGlYOe7iQuI=
16,-17,qBK/ynQRjMTR19k6ML+DiUWjggw=,/NPy2NXfNIL5TRkCYGlYOe7iQuI=
31,-18,qBK/ynQRjMTR19k6ML+DiUWjggw=,/NPy2NXfNIL5TRkCYGlYOe7iQuI=
25,-29,qBK/ynQRjMTR19k6ML+DiUWjggw=,/NPy2NXfNIL5TRkCYGlYOe7iQuI=
18,-29,qBK/ynQRjMTR19k6ML+DiUWjggw=,/NPy2NXfNIL5TRkCYGlYOe7iQuI=
22,-32,qBK/ynQRjMTR19k6ML+DiUWjggw=,/NPy2NXfNIL5TRkCYGlYOe7iQuI=
30,-18,qBK/ynQRjMTR19k6ML+DiUWjggw=,/NPy2NXfNIL5TRkCYGlYOe7iQuI=
29,-18,qBK/ynQRjMTR19k6ML+DiUWjggw=,/NPy2NXfNIL5TRkCYGlYOe7iQuI=
28,-18,qBK/ynQRjMTR19k6ML+DiUWjggw=,/NPy2NXfNIL5TRkCYGlYOe7iQuI=
27,-18,qBK/ynQRjMTR19k6ML+DiUWjggw=,/NPy2NXfNIL5TRkCYGlYOe7iQuI=
19,-29,qBK/ynQRjMTR19k6ML+DiUWjggw=,/NPy2NXfNIL5TRkCYGlYOe7iQuI=
20,-32,qBK/ynQRjMTR19k6ML+DiUWjggw=,/NPy2NXfNIL5TRkCYGlYOe7iQuI=
25,-18,qBK/ynQRjMTR19k6ML+DiUWjggw=,/NPy2NXfNIL5TRkCYGlYOe7iQuI=
26,-18,qBK/ynQRjMTR19k6ML+DiUWjggw=,/NPy2NXfNIL5TRkCYGlYOe7iQuI=
26,-29,qBK/ynQRjMTR19k6ML+DiUWjggw=,/NPy2NXfNIL5TRkCYGlYOe7iQuI=
24,-18,qBK/ynQRjMTR19k6ML+DiUWjggw=,/NPy2NXfNIL5TRkCYGlYOe7iQuI=
22,-30,qBK/ynQRjMTR19k6ML+DiUWjggw=,/NPy2NXfNIL5TRkCYGlYOe7iQuI=
23,-18,qBK/ynQRjMTR19k6ML+DiUWjggw=,/NPy2NXfNIL5TRkCYGlYOe7iQuI=
22,-18,qBK/ynQRjMTR19k6ML+DiUWjggw=,/NPy2NXfNIL5TRkCYGlYOe7iQuI=
21,-18,qBK/ynQRjMTR19k6ML+DiUWjggw=,/NPy2NXfNIL5TRkCYGlYOe7iQuI=
18,-18,qBK/ynQRjMTR19k6ML+DiUWjggw=,/NPy2NXfNIL5TRkCYGlYOe7iQuI=
19,-18,qBK/ynQRjMTR19k6ML+DiUWjggw=,/NPy2NXfNIL5TRkCYGlYOe7iQuI=
20,-18,qBK/ynQRjMTR19k6ML+DiUWjggw=,/NPy2NXfNIL5TRkCYGlYOe7iQuI=
17,-18,qBK/ynQRjMTR19k6ML+DiUWjggw=,/NPy2NXfNIL5TRkCYGlYOe7iQuI=
16,-18,qBK/ynQRjMTR19k6ML+DiUWjggw=,/NPy2NXfNIL5TRkCYGlYOe7iQuI=
17,-29,qBK/ynQRjMTR19k6ML+DiUWjggw=,/NPy2NXfNIL5TRkCYGlYOe7iQuI=
21,-30,qBK/ynQRjMTR19k6ML+DiUWjggw=,/NPy2NXfNIL5TRkCYGlYOe7iQuI=
30,-29,qBK/ynQRjMTR19k6ML+DiUWjggw=,/NPy2NXfNIL5TRkCYGlYOe7iQuI=
31,-29,qBK/ynQRjMTR19k6ML+DiUWjggw=,/NPy2NXfNIL5TRkCYGlYOe7iQuI=
30,-19,qBK/ynQRjMTR19k6ML+DiUWjggw=,/NPy2NXfNIL5TRkCYGlYOe7iQuI=
29,-19,qBK/ynQRjMTR19k6ML+DiUWjggw=,/NPy2NXfNIL5TRkCYGlYOe7iQuI=
27,-19,qBK/ynQRjMTR19k6ML+DiUWjggw=,/NPy2NXfNIL5TRkCYGlYOe7iQuI=
31,-19,qBK/ynQRjMTR19k6ML+DiUWjggw=,/NPy2NXfNIL5TRkCYGlYOe7iQuI=
26,-19,qBK/ynQRjMTR19k6ML+DiUWjggw=,/NPy2NXfNIL5TRkCYGlYOe7iQuI=
25,-19,qBK/ynQRjMTR19k6ML+DiUWjggw=,/NPy2NXfNIL5TRkCYGlYOe7iQuI=
21,-32,qBK/ynQRjMTR19k6ML+DiUWjggw=,/NPy2NXfNIL5TRkCYGlYOe7iQuI=
29,-29,qBK/ynQRjMTR19k6ML+DiUWjggw=,/NPy2NXfNIL5TRkCYGlYOe7iQuI=
24,-19,qBK/ynQRjMTR19k6ML+DiUWjggw=,/NPy2NXfNIL5TRkCYGlYOe7iQuI=
28,-19,qBK/ynQRjMTR19k6ML+DiUWjggw=,/NPy2NXfNIL5TRkCYGlYOe7iQuI=
23,-19,qBK/ynQRjMTR19k6ML+DiUWjggw=,/NPy2NXfNIL5TRkCYGlYOe7iQuI=
22,-19,qBK/ynQRjMTR19k6ML+DiUWjggw=,/NPy2NXfNIL5TRkCYGlYOe7iQuI=
19,-19,qBK/ynQRjMTR19k6ML+DiUWjggw=,/NPy2NXfNIL5TRkCYGlYOe7iQuI=
21,-19,qBK/ynQRjMTR19k6ML+DiUWjggw=,/NPy2NXfNIL5TRkCYGlYOe7iQuI=
20,-19,qBK/ynQRjMTR19k6ML+DiUWjggw=,/NPy2NXfNIL5TRkCYGlYOe7iQuI=
18,-19,eyfnJAx9ghwNLi7Q/XdeYOzyc9Y=,/NPy2NXfNIL5TRkCYGlYOe7iQuI=
28,-29,eyfnJAx9ghwNLi7Q/XdeYOzyc9Y=,/NPy2NXfNIL5TRkCYGlYOe7iQuI=
17,-28,eyfnJAx9ghwNLi7Q/XdeYOzyc9Y=,/NPy2NXfNIL5TRkCYGlYOe7iQuI=
17,-19,eyfnJAx9ghwNLi7Q/XdeYOzyc9Y=,/NPy2NXfNIL5TRkCYGlYOe7iQuI=
16,-19,eyfnJAx9ghwNLi7Q/XdeYOzyc9Y=,/NPy2NXfNIL5TRkCYGlYOe7iQuI=
21,-29,eyfnJAx9ghwNLi7Q/XdeYOzyc9Y=,/NPy2NXfNIL5TRkCYGlYOe7iQuI=
31,-20,eyfnJAx9ghwNLi7Q/XdeYOzyc9Y=,/NPy2NXfNIL5TRkCYGlYOe7iQuI=
30,-20,eyfnJAx9ghwNLi7Q/XdeYOzyc9Y=,/NPy2NXfNIL5TRkCYGlYOe7iQuI=
28,-20,eyfnJAx9ghwNLi7Q/XdeYOzyc9Y=,/NPy2NXfNIL5TRkCYGlYOe7iQuI=
29,-20,eyfnJAx9ghwNLi7Q/XdeYOzyc9Y=,/NPy2NXfNIL5TRkCYGlYOe7iQuI=
27,-29,eyfnJAx9ghwNLi7Q/XdeYOzyc9Y=,/NPy2NXfNIL5TRkCYGlYOe7iQuI=
27,-20,eyfnJAx9ghwNLi7Q/XdeYOzyc9Y=,/NPy2NXfNIL5TRkCYGlYOe7iQuI=
25,-20,eyfnJAx9ghwNLi7Q/XdeYOzyc9Y=,/NPy2NXfNIL5TRkCYGlYOe7iQuI=
26,-20,eyfnJAx9ghwNLi7Q/XdeYOzyc9Y=,/NPy2NXfNIL5TRkCYGlYOe7iQuI=
23,-20,eyfnJAx9ghwNLi7Q/XdeYOzyc9Y=,/NPy2NXfNIL5TRkCYGlYOe7iQuI=
24,-20,eyfnJAx9ghwNLi7Q/XdeYOzyc9Y=,/NPy2NXfNIL5TRkCYGlYOe7iQuI=
22,-20,eyfnJAx9ghwNLi7Q/XdeYOzyc9Y=,/NPy2NXfNIL5TRkCYGlYOe7iQuI=
21,-20,eyfnJAx9ghwNLi7Q/XdeYOzyc9Y=,/NPy2NXfNIL5TRkCYGlYOe7iQuI=
20,-20,eyfnJAx9ghwNLi7Q/XdeYOzyc9Y=,/NPy2NXfNIL5TRkCYGlYOe7iQuI=
16,-28,eyfnJAx9ghwNLi7Q/XdeYOzyc9Y=,/NPy2NXfNIL5TRkCYGlYOe7iQuI=
19,-31,eyfnJAx9ghwNLi7Q/XdeYOzyc9Y=,/NPy2NXfNIL5TRkCYGlYOe7iQuI=
18,-20,eyfnJAx9ghwNLi7Q/XdeYOzyc9Y=,/NPy2NXfNIL5TRkCYGlYOe7iQuI=
19,-20,eyfnJAx9ghwNLi7Q/XdeYOzyc9Y=,/NPy2NXfNIL5TRkCYGlYOe7iQuI=
31,-31,eyfnJAx9ghwNLi7Q/XdeYOzyc9Y=,/NPy2NXfNIL5TRkCYGlYOe7iQuI=
29,-21,eyfnJAx9ghwNLi7Q/XdeYOzyc9Y=,/NPy2NXfNIL5TRkCYGlYOe7iQuI=
19,-32,eyfnJAx9ghwNLi7Q/XdeYOzyc9Y=,/NPy2NXfNIL5TRkCYGlYOe7iQuI=
28,-21,eyfnJAx9ghwNLi7Q/XdeYOzyc9Y=,/NPy2NXfNIL5TRkCYGlYOe7iQuI=
27,-21,eyfnJAx9ghwNLi7Q/XdeYOzyc9Y=,/NPy2NXfNIL5TRkCYGlYOe7iQuI=
30,-21,eyfnJAx9ghwNLi7Q/XdeYOzyc9Y=,/NPy2NXfNIL5TRkCYGlYOe7iQuI=
26,-21,eyfnJAx9ghwNLi7Q/XdeYOzyc9Y=,/NPy2NXfNIL5TRkCYGlYOe7iQuI=
17,-20,eyfnJAx9ghwNLi7Q/XdeYOzyc9Y=,/NPy2NXfNIL5TRkCYGlYOe7iQuI=
25,-21,eyfnJAx9ghwNLi7Q/XdeYOzyc9Y=,/NPy2NXfNIL5TRkCYGlYOe7iQuI=
31,-21,eyfnJAx9ghwNLi7Q/XdeYOzyc9Y=,/NPy2NXfNIL5TRkCYGlYOe7iQuI=
23,-21,eyfnJAx9ghwNLi7Q/XdeYOzyc9Y=,/NPy2NXfNIL5TRkCYGlYOe7iQuI=
22,-21,eyfnJAx9ghwNLi7Q/XdeYOzyc9Y=,/NPy2NXfNIL5TRkCYGlYOe7iQuI=
21,-21,eyfnJAx9ghwNLi7Q/XdeYOzyc9Y=,/NPy2NXfNIL5TRkCYGlYOe7iQuI=
18,-21,eyfnJAx9ghwNLi7Q/XdeYOzyc9Y=,/NPy2NXfNIL5TRkCYGlYOe7iQuI=
24,-21,eyfnJAx9ghwNLi7Q/XdeYOzyc9Y=,/NPy2NXfNIL5TRkCYGlYOe7iQuI=
20,-21,eyfnJAx9ghwNLi7Q/XdeYOzyc9Y=,/NPy2NXfNIL5TRkCYGlYOe7iQuI=
31,-22,eyfnJAx9ghwNLi7Q/XdeYOzyc9Y=,/NPy2NXfNIL5TRkCYGlYOe7iQuI=
30,-22,eyfnJAx9ghwNLi7Q/XdeYOzyc9Y=,/NPy2NXfNIL5TRkCYGlYOe7iQuI=
29,-22,eyfnJAx9ghwNLi7Q/XdeYOzyc9Y=,/NPy2NXfNIL5TRkCYGlYOe7iQuI=
30,-32,eyfnJAx9ghwNLi7Q/XdeYOzyc9Y=,/NPy2NXfNIL5TRkCYGlYOe7iQuI=
28,-22,eyfnJAx9ghwNLi7Q/XdeYOzyc9Y=,/NPy2NXfNIL5TRkCYGlYOe7iQuI=
16,-20,eyfnJAx9ghwNLi7Q/XdeYOzyc9Y=,/NPy2NXfNIL5TRkCYGlYOe7iQuI=
18,-31,eyfnJAx9ghwNLi7Q/XdeYOzyc9Y=,/NPy2NXfNIL5TRkCYGlYOe7iQuI=
27,-22,eyfnJAx9ghwNLi7Q/XdeYOzyc9Y=,/NPy2NXfNIL5TRkCYGlYOe7iQuI=
18,-30,eyfnJAx9ghwNLi7Q/XdeYOzyc9Y=,/NPy2NXfNIL5TRkCYGlYOe7iQuI=
25,-22,eyfnJAx9ghwNLi7Q/XdeYOzyc9Y=,/NPy2NXfNIL5TRkCYGlYOe7iQuI=
31,-32,eyfnJAx9ghwNLi7Q/XdeYOzyc9Y=,/NPy2NXfNIL5TRkCYGlYOe7iQuI=
19,-21,eyfnJAx9ghwNLi7Q/XdeYOzyc9Y=,/NPy2NXfNIL5TRkCYGlYOe7iQuI=
17,-21,eyfnJAx9ghwNLi7Q/XdeYOzyc9Y=,/NPy2NXfNIL5TRkCYGlYOe7iQuI=
29,-32,eyfnJAx9ghwNLi7Q/XdeYOzyc9Y=,/NPy2NXfNIL5TRkCYGlYOe7iQuI=
24,-22,eyfnJAx9ghwNLi7Q/XdeYOzyc9Y=,/NPy2NXfNIL5TRkCYGlYOe7iQuI=
20,-22,eyfnJAx9ghwNLi7Q/XdeYOzyc9Y=,/NPy2NXfNIL5TRkCYGlYOe7iQuI=
30,-23,eyfnJAx9ghwNLi7Q/XdeYOzyc9Y=,/NPy2NXfNIL5TRkCYGlYOe7iQuI=
16,-22,eyfnJAx9ghwNLi7Q/XdeYOzyc9Y=,/NPy2NXfNIL5TRkCYGlYOe7iQuI=
29,-31,eyfnJAx9ghwNLi7Q/XdeYOzyc9Y=,/NPy2NXfNIL5TRkCYGlYOe7iQuI=
18,-28,eyfnJAx9ghwNLi7Q/XdeYOzyc9Y=,/NPy2NXfNIL5TRkCYGlYOe7iQuI=
20,-29,eyfnJAx9ghwNLi7Q/XdeYOzyc9Y=,/NPy2NXfNIL5TRkCYGlYOe7iQuI=
16,-30,eyfnJAx9ghwNLi7Q/XdeYOzyc9Y=,/NPy2NXfNIL5TRkCYGlYOe7iQuI=
26,-22,eyfnJAx9ghwNLi7Q/XdeYOzyc9Y=,/NPy2NXfNIL5TRkCYGlYOe7iQuI=
27,-23,eyfnJAx9ghwNLi7Q/XdeYOzyc9Y=,/NPy2NXfNIL5TRkCYGlYOe7iQuI=
26,-23,eyfnJAx9ghwNLi7Q/XdeYOzyc9Y=,/NPy2NXfNIL5TRkCYGlYOe7iQuI=
28,-23,eyfnJAx9ghwNLi7Q/XdeYOzyc9Y=,/NPy2NXfNIL5TRkCYGlYOe7iQuI=
29,-23,eyfnJAx9ghwNLi7Q/XdeYOzyc9Y=,/NPy2NXfNIL5TRkCYGlYOe7iQuI=
17,-30,eyfnJAx9ghwNLi7Q/XdeYOzyc9Y=,/NPy2NXfNIL5TRkCYGlYOe7iQuI=
20,-23,eyfnJAx9ghwNLi7Q/XdeYOzyc9Y=,/NPy2NXfNIL5TRkCYGlYOe7iQuI=
31,-23,eyfnJAx9ghwNLi7Q/XdeYOzyc9Y=,/NPy2NXfNIL5TRkCYGlYOe7iQuI=
22,-23,eyfnJAx9ghwNLi7Q/XdeYOzyc9Y=,/NPy2NXfNIL5TRkCYGlYOe7iQuI=
30,-30,eyfnJAx9ghwNLi7Q/XdeYOzyc9Y=,/NPy2NXfNIL5TRkCYGlYOe7iQuI=
21,-23,eyfnJAx9ghwNLi7Q/XdeYOzyc9Y=,/NPy2NXfNIL5TRkCYGlYOe7iQuI=
16,-21,eyfnJAx9ghwNLi7Q/XdeYOzyc9Y=,/NPy2NXfNIL5TRkCYGlYOe7iQuI=
31,-24,eyfnJAx9ghwNLi7Q/XdeYOzyc9Y=,/NPy2NXfNIL5TRkCYGlYOe7iQuI=
30,-24,eyfnJAx9ghwNLi7Q/XdeYOzyc9Y=,/NPy2NXfNIL5TRkCYGlYOe7iQuI=
16,-31,eyfnJAx9ghwNLi7Q/XdeYOzyc9Y=,/NPy2NXfNIL5TRkCYGlYOe7iQuI=
17,-31,eyfnJAx9ghwNLi7Q/XdeYOzyc9Y=,/NPy2NXfNIL5TRkCYGlYOe7iQuI=
25,-24,eyfnJAx9ghwNLi7Q/XdeYOzyc9Y=,/NPy2NXfNIL5TRkCYGlYOe7iQuI=
24,-24,eyfnJAx9ghwNLi7Q/XdeYOzyc9Y=,/NPy2NXfNIL5TRkCYGlYOe7iQuI=
19,-22,eyfnJAx9ghwNLi7Q/XdeYOzyc9Y=,/NPy2NXfNIL5TRkCYGlYOe7iQuI=
23,-24,eyfnJAx9ghwNLi7Q/XdeYOzyc9Y=,/NPy2NXfNIL5TRkCYGlYOe7iQuI=
23,-22,eyfnJAx9ghwNLi7Q/XdeYOzyc9Y=,/NPy2NXfNIL5TRkCYGlYOe7iQuI=
29,-24,eyfnJAx9ghwNLi7Q/XdeYOzyc9Y=,/NPy2NXfNIL5TRkCYGlYOe7iQuI=
27,-24,eyfnJAx9ghwNLi7Q/XdeYOzyc9Y=,/NPy2NXfNIL5TRkCYGlYOe7iQuI=
18,-22,eyfnJAx9ghwNLi7Q/XdeYOzyc9Y=,/NPy2NXfNIL5TRkCYGlYOe7iQuI=
25,-23,eyfnJAx9ghwNLi7Q/XdeYOzyc9Y=,/NPy2NXfNIL5TRkCYGlYOe7iQuI=
18,-23,eyfnJAx9ghwNLi7Q/XdeYOzyc9Y=,/NPy2NXfNIL5TRkCYGlYOe7iQuI=
24,-23,eyfnJAx9ghwNLi7Q/XdeYOzyc9Y=,/NPy2NXfNIL5TRkCYGlYOe7iQuI=
17,-22,eyfnJAx9ghwNLi7Q/XdeYOzyc9Y=,/NPy2NXfNIL5TRkCYGlYOe7iQuI=
23,-23,eyfnJAx9ghwNLi7Q/XdeYOzyc9Y=,/NPy2NXfNIL5TRkCYGlYOe7iQuI=
19,-23,eyfnJAx9ghwNLi7Q/XdeYOzyc9Y=,/NPy2NXfNIL5TRkCYGlYOe7iQuI=
30,-31,eyfnJAx9ghwNLi7Q/XdeYOzyc9Y=,/NPy2NXfNIL5TRkCYGlYOe7iQuI=
28,-24,eyfnJAx9ghwNLi7Q/XdeYOzyc9Y=,/NPy2NXfNIL5TRkCYGlYOe7iQuI=
21,-22,eyfnJAx9ghwNLi7Q/XdeYOzyc9Y=,/NPy2NXfNIL5TRkCYGlYOe7iQuI=
29,-30,eyfnJAx9ghwNLi7Q/XdeYOzyc9Y=,/NPy2NXfNIL5TRkCYGlYOe7iQuI=
22,-22,eyfnJAx9ghwNLi7Q/XdeYOzyc9Y=,/NPy2NXfNIL5TRkCYGlYOe7iQuI=
26,-24,eyfnJAx9ghwNLi7Q/XdeYOzyc9Y=,/NPy2NXfNIL5TRkCYGlYOe7iQuI=
22,-24,eyfnJAx9ghwNLi7Q/XdeYOzyc9Y=,/NPy2NXfNIL5TRkCYGlYOe7iQuI=
28,-31,eyfnJAx9ghwNLi7Q/XdeYOzyc9Y=,/NPy2NXfNIL5TRkCYGlYOe7iQuI=
19,-24,eyfnJAx9ghwNLi7Q/XdeYOzyc9Y=,/NPy2NXfNIL5TRkCYGlYOe7iQuI=
31,-30,eyfnJAx9ghwNLi7Q/XdeYOzyc9Y=,/NPy2NXfNIL5TRkCYGlYOe7iQuI=
16,-29,eyfnJAx9ghwNLi7Q/XdeYOzyc9Y=,/NPy2NXfNIL5TRkCYGlYOe7iQuI=
27,-31,eyfnJAx9ghwNLi7Q/XdeYOzyc9Y=,/NPy2NXfNIL5TRkCYGlYOe7iQuI=
31,-25,eyfnJAx9ghwNLi7Q/XdeYOzyc9Y=,/NPy2NXfNIL5TRkCYGlYOe7iQuI=
19,-28,eyfnJAx9ghwNLi7Q/XdeYOzyc9Y=,/NPy2NXfNIL5TRkCYGlYOe7iQuI=
18,-32,eyfnJAx9ghwNLi7Q/XdeYOzyc9Y=,/NPy2NXfNIL5TRkCYGlYOe7iQuI=
28,-32,eyfnJAx9ghwNLi7Q/XdeYOzyc9Y=,/NPy2NXfNIL5TRkCYGlYOe7iQuI=
17,-23,eyfnJAx9ghwNLi7Q/XdeYOzyc9Y=,/NPy2NXfNIL5TRkCYGlYOe7iQuI=
27,-25,eyfnJAx9ghwNLi7Q/XdeYOzyc9Y=,/NPy2NXfNIL5TRkCYGlYOe7iQuI=
28,-25,eyfnJAx9ghwNLi7Q/XdeYOzyc9Y=,/NPy2NXfNIL5TRkCYGlYOe7iQuI=
26,-25,eyfnJAx9ghwNLi7Q/XdeYOzyc9Y=,/NPy2NXfNIL5TRkCYGlYOe7iQuI=
25,-25,eyfnJAx9ghwNLi7Q/XdeYOzyc9Y=,/NPy2NXfNIL5TRkCYGlYOe7iQuI=
16,-23,eyfnJAx9ghwNLi7Q/XdeYOzyc9Y=,/NPy2NXfNIL5TRkCYGlYOe7iQuI=
20,-24,eyfnJAx9ghwNLi7Q/XdeYOzyc9Y=,/NPy2NXfNIL5TRkCYGlYOe7iQuI=
21,-24,eyfnJAx9ghwNLi7Q/XdeYOzyc9Y=,/NPy2NXfNIL5TRkCYGlYOe7iQuI=
17,-24,eyfnJAx9ghwNLi7Q/XdeYOzyc9Y=,/NPy2NXfNIL5TRkCYGlYOe7iQuI=
18,-24,eyfnJAx9ghwNLi7Q/XdeYOzyc9Y=,/NPy2NXfNIL5TRkCYGlYOe7iQuI=
16,-24,eyfnJAx9ghwNLi7Q/XdeYOzyc9Y=,/NPy2NXfNIL5TRkCYGlYOe7iQuI=
27,-32,eyfnJAx9ghwNLi7Q/XdeYOzyc9Y=,/NPy2NXfNIL5TRkCYGlYOe7iQuI=
29,-25,eyfnJAx9ghwNLi7Q/XdeYOzyc9Y=,/NPy2NXfNIL5TRkCYGlYOe7iQuI=
30,-25,eyfnJAx9ghwNLi7Q/XdeYOzyc9Y=,/NPy2NXfNIL5TRkCYGlYOe7iQuI=
23,-25,eyfnJAx9ghwNLi7Q/XdeYOzyc9Y=,/NPy2NXfNIL5TRkCYGlYOe7iQuI=
24,-25,eyfnJAx9ghwNLi7Q/XdeYOzyc9Y=,/NPy2NXfNIL5TRkCYGlYOe7iQuI=
22,-25,eyfnJAx9ghwNLi7Q/XdeYOzyc9Y=,/NPy2NXfNIL5TRkCYGlYOe7iQuI=
28,-30,eyfnJAx9ghwNLi7Q/XdeYOzyc9Y=,/NPy2NXfNIL5TRkCYGlYOe7iQuI=
20,-25,eyfnJAx9ghwNLi7Q/XdeYOzyc9Y=,/NPy2NXfNIL5TRkCYGlYOe7iQuI=
31,-26,eyfnJAx9ghwNLi7Q/XdeYOzyc9Y=,/NPy2NXfNIL5TRkCYGlYOe7iQuI=
20,-28,eyfnJAx9ghwNLi7Q/XdeYOzyc9Y=,/NPy2NXfNIL5TRkCYGlYOe7iQuI=
26,-31,eyfnJAx9ghwNLi7Q/XdeYOzyc9Y=,/NPy2NXfNIL5TRkCYGlYOe7iQuI=
28,-26,eyfnJAx9ghwNLi7Q/XdeYOzyc9Y=,/NPy2NXfNIL5TRkCYGlYOe7iQuI=
27,-30,eyfnJAx9ghwNLi7Q/XdeYOzyc9Y=,/NPy2NXfNIL5TRkCYGlYOe7iQuI=
26,-32,eyfnJAx9ghwNLi7Q/XdeYOzyc9Y=,/NPy2NXfNIL5TRkCYGlYOe7iQuI=
21,-25,eyfnJAx9ghwNLi7Q/XdeYOzyc9Y=,/NPy2NXfNIL5TRkCYGlYOe7iQuI=
19,-25,eyfnJAx9ghwNLi7Q/XdeYOzyc9Y=,/NPy2NXfNIL5TRkCYGlYOe7iQuI=
18,-25,eyfnJAx9ghwNLi7Q/XdeYOzyc9Y=,/NPy2NXfNIL5TRkCYGlYOe7iQuI=
17,-25,eyfnJAx9ghwNLi7Q/XdeYOzyc9Y=,/NPy2NXfNIL5TRkCYGlYOe7iQuI=
30,-26,eyfnJAx9ghwNLi7Q/XdeYOzyc9Y=,/NPy2NXfNIL5TRkCYGlYOe7iQuI=
16,-25,eyfnJAx9ghwNLi7Q/XdeYOzyc9Y=,/NPy2NXfNIL5TRkCYGlYOe7iQuI=
27,-26,eyfnJAx9ghwNLi7Q/XdeYOzyc9Y=,/NPy2NXfNIL5TRkCYGlYOe7iQuI=
29,-26,eyfnJAx9ghwNLi7Q/XdeYOzyc9Y=,/NPy2NXfNIL5TRkCYGlYOe7iQuI=
25,-31,eyfnJAx9ghwNLi7Q/XdeYOzyc9Y=,/NPy2NXfNIL5TRkCYGlYOe7iQuI=
31,-27,eyfnJAx9ghwNLi7Q/XdeYOzyc9Y=,/NPy2NXfNIL5TRkCYGlYOe7iQuI=
30,-27,eyfnJAx9ghwNLi7Q/XdeYOzyc9Y=,/NPy2NXfNIL5TRkCYGlYOe7iQuI=
28,-27,eyfnJAx9ghwNLi7Q/XdeYOzyc9Y=,/NPy2NXfNIL5TRkCYGlYOe7iQuI=
25,-32,eyfnJAx9ghwNLi7Q/XdeYOzyc9Y=,/NPy2NXfNIL5TRkCYGlYOe7iQuI=
29,-27,eyfnJAx9ghwNLi7Q/XdeYOzyc9Y=,/NPy2NXfNIL5TRkCYGlYOe7iQuI=
26,-26,eyfnJAx9ghwNLi7Q/XdeYOzyc9Y=,/NPy2NXfNIL5TRkCYGlYOe7iQuI=
25,-26,eyfnJAx9ghwNLi7Q/XdeYOzyc9Y=,/NPy2NXfNIL5TRkCYGlYOe7iQuI=
24,-26,eyfnJAx9ghwNLi7Q/XdeYOzyc9Y=,/NPy2NXfNIL5TRkCYGlYOe7iQuI=
26,-30,eyfnJAx9ghwNLi7Q/XdeYOzyc9Y=,/NPy2NXfNIL5TRkCYGlYOe7iQuI=
21,-28,eyfnJAx9ghwNLi7Q/XdeYOzyc9Y=,/NPy2NXfNIL5TRkCYGlYOe7iQuI=
16,-32,eyfnJAx9ghwNLi7Q/XdeYOzyc9Y=,/NPy2NXfNIL5TRkCYGlYOe7iQuI=
23,-26,eyfnJAx9ghwNLi7Q/XdeYOzyc9Y=,/NPy2NXfNIL5TRkCYGlYOe7iQuI=
22,-26,eyfnJAx9ghwNLi7Q/XdeYOzyc9Y=,/NPy2NXfNIL5TRkCYGlYOe7iQuI=
16,-26,eyfnJAx9ghwNLi7Q/XdeYOzyc9Y=,/NPy2NXfNIL5TRkCYGlYOe7iQuI=
31,-28,eyfnJAx9ghwNLi7Q/XdeYOzyc9Y=,/NPy2NXfNIL5TRkCYGlYOe7iQuI=
27,-27,eyfnJAx9ghwNLi7Q/XdeYOzyc9Y=,/NPy2NXfNIL5TRkCYGlYOe7iQuI=
18,-26,eyfnJAx9ghwNLi7Q/XdeYOzyc9Y=,/NPy2NXfNIL5TRkCYGlYOe7iQuI=
17,-26,eyfnJAx9ghwNLi7Q/XdeYOzyc9Y=,/NPy2NXfNIL5TRkCYGlYOe7iQuI=
21,-26,eyfnJAx9ghwNLi7Q/XdeYOzyc9Y=,/NPy2NXfNIL5TRkCYGlYOe7iQuI=
25,-30,eyfnJAx9ghwNLi7Q/XdeYOzyc9Y=,/NPy2NXfNIL5TRkCYGlYOe7iQuI=
24,-32,eyfnJAx9ghwNLi7Q/XdeYOzyc9Y=,/NPy2NXfNIL5TRkCYGlYOe7iQuI=
19,-26,eyfnJAx9ghwNLi7Q/XdeYOzyc9Y=,/NPy2NXfNIL5TRkCYGlYOe7iQuI=
20,-26,eyfnJAx9ghwNLi7Q/XdeYOzyc9Y=,/NPy2NXfNIL5TRkCYGlYOe7iQuI=
24,-31,eyfnJAx9ghwNLi7Q/XdeYOzyc9Y=,/NPy2NXfNIL5TRkCYGlYOe7iQuI=
23,-27,s4zIQ2Ef9r1/SE1fq5NWUaO9hq0=,/NPy2NXfNIL5TRkCYGlYOe7iQuI=
22,-27,s4zIQ2Ef9r1/SE1fq5NWUaO9hq0=,/NPy2NXfNIL5TRkCYGlYOe7iQuI=
24,-27,s4zIQ2Ef9r1/SE1fq5NWUaO9hq0=,/NPy2NXfNIL5TRkCYGlYOe7iQuI=
26,-27,s4zIQ2Ef9r1/SE1fq5NWUaO9hq0=,/NPy2NXfNIL5TRkCYGlYOe7iQuI=
24,-30,s4zIQ2Ef9r1/SE1fq5NWUaO9hq0=,/NPy2NXfNIL5TRkCYGlYOe7iQuI=
25,-27,s4zIQ2Ef9r1/SE1fq5NWUaO9hq0=,/NPy2NXfNIL5TRkCYGlYOe7iQuI=
18,-27,s4zIQ2Ef9r1/SE1fq5NWUaO9hq0=,/NPy2NXfNIL5TRkCYGlYOe7iQuI=
19,-27,s4zIQ2Ef9r1/SE1fq5NWUaO9hq0=,/NPy2NXfNIL5TRkCYGlYOe7iQuI=
30,-28,s4zIQ2Ef9r1/SE1fq5NWUaO9hq0=,/NPy2NXfNIL5TRkCYGlYOe7iQuI=
20,-27,s4zIQ2Ef9r1/SE1fq5NWUaO9hq0=,/NPy2NXfNIL5TRkCYGlYOe7iQuI=
16,-27,s4zIQ2Ef9r1/SE1fq5NWUaO9hq0=,/NPy2NXfNIL5TRkCYGlYOe7iQuI=
17,-27,s4zIQ2Ef9r1/SE1fq5NWUaO9hq0=,/NPy2NXfNIL5TRkCYGlYOe7iQuI=
23,-30,s4zIQ2Ef9r1/SE1fq5NWUaO9hq0=,/NPy2NXfNIL5TRkCYGlYOe7iQuI=
28,-28,s4zIQ2Ef9r1/SE1fq5NWUaO9hq0=,/NPy2NXfNIL5TRkCYGlYOe7iQuI=
23,-32,s4zIQ2Ef9r1/SE1fq5NWUaO9hq0=,/NPy2NXfNIL5TRkCYGlYOe7iQuI=
29,-28,s4zIQ2Ef9r1/SE1fq5NWUaO9hq0=,/NPy2NXfNIL5TRkCYGlYOe7iQuI=
21,-27,s4zIQ2Ef9r1/SE1fq5NWUaO9hq0=,/NPy2NXfNIL5TRkCYGlYOe7iQuI=
23,-31,s4zIQ2Ef9r1/SE1fq5NWUaO9hq0=,/NPy2NXfNIL5TRkCYGlYOe7iQuI=
27,-28,s4zIQ2Ef9r1/SE1fq5NWUaO9hq0=,/NPy2NXfNIL5TRkCYGlYOe7iQuI=
24,-28,s4zIQ2Ef9r1/SE1fq5NWUaO9hq0=,/NPy2NXfNIL5TRkCYGlYOe7iQuI=
26,-28,s4zIQ2Ef9r1/SE1fq5NWUaO9hq0=,/NPy2NXfNIL5TRkCYGlYOe7iQuI=
25,-28,s4zIQ2Ef9r1/SE1fq5NWUaO9hq0=,/NPy2NXfNIL5TRkCYGlYOe7iQuI=
23,-28,s4zIQ2Ef9r1/SE1fq5NWUaO9hq0=,/NPy2NXfNIL5TRkCYGlYOe7iQuI=
22,-28,s4zIQ2Ef9r1/SE1fq5NWUaO9hq0=,/NPy2NXfNIL5TRkCYGlYOe7iQuI=
14,-17,Z3qMkOMeAywI6H51oWZExiJrIFg=,RpqjvBQXhG28H/3awFp2ZchzYOQ=
15,-17,Z3qMkOMeAywI6H51oWZExiJrIFg=,RpqjvBQXhG28H/3awFp2ZchzYOQ=
13,-17,Z3qMkOMeAywI6H51oWZExiJrIFg=,RpqjvBQXhG28H/3awFp2ZchzYOQ=
12,-17,Z3qMkOMeAywI6H51oWZExiJrIFg=,RpqjvBQXhG28H/3awFp2ZchzYOQ=
11,-17,Z3qMkOMeAywI6H51oWZExiJrIFg=,RpqjvBQXhG28H/3awFp2ZchzYOQ=
10,-17,Z3qMkOMeAywI6H51oWZExiJrIFg=,RpqjvBQXhG28H/3awFp2ZchzYOQ=
9,-29,Z3qMkOMeAywI6H51oWZExiJrIFg=,RpqjvBQXhG28H/3awFp2ZchzYOQ=
5,-30,Z3qMkOMeAywI6H51oWZExiJrIFg=,RpqjvBQXhG28H/3awFp2ZchzYOQ=
9,-17,Z3qMkOMeAywI6H51oWZExiJrIFg=,RpqjvBQXhG28H/3awFp2ZchzYOQ=
7,-29,Z3qMkOMeAywI6H51oWZExiJrIFg=,RpqjvBQXhG28H/3awFp2ZchzYOQ=
8,-29,Z3qMkOMeAywI6H51oWZExiJrIFg=,RpqjvBQXhG28H/3awFp2ZchzYOQ=
5,-32,Z3qMkOMeAywI6H51oWZExiJrIFg=,RpqjvBQXhG28H/3awFp2ZchzYOQ=
6,-29,Z3qMkOMeAywI6H51oWZExiJrIFg=,RpqjvBQXhG28H/3awFp2ZchzYOQ=
4,-31,Z3qMkOMeAywI6H51oWZExiJrIFg=,RpqjvBQXhG28H/3awFp2ZchzYOQ=
5,-29,Z3qMkOMeAywI6H51oWZExiJrIFg=,RpqjvBQXhG28H/3awFp2ZchzYOQ=
4,-30,Z3qMkOMeAywI6H51oWZExiJrIFg=,RpqjvBQXhG28H/3awFp2ZchzYOQ=
1,-32,zJhpKbUPsElGskHWSchzf7Kko2c=,RpqjvBQXhG28H/3awFp2ZchzYOQ=
5,-31,zJhpKbUPsElGskHWSchzf7Kko2c=,RpqjvBQXhG28H/3awFp2ZchzYOQ=
4,-29,zJhpKbUPsElGskHWSchzf7Kko2c=,RpqjvBQXhG28H/3awFp2ZchzYOQ=
8,-17,zJhpKbUPsElGskHWSchzf7Kko2c=,RpqjvBQXhG28H/3awFp2ZchzYOQ=
1,-17,zJhpKbUPsElGskHWSchzf7Kko2c=,RpqjvBQXhG28H/3awFp2ZchzYOQ=
3,-32,zJhpKbUPsElGskHWSchzf7Kko2c=,RpqjvBQXhG28H/3awFp2ZchzYOQ=
2,-17,zJhpKbUPsElGskHWSchzf7Kko2c=,RpqjvBQXhG28H/3awFp2ZchzYOQ=
13,-18,zJhpKbUPsElGskHWSchzf7Kko2c=,RpqjvBQXhG28H/3awFp2ZchzYOQ=
12,-18,zJhpKbUPsElGskHWSchzf7Kko2c=,RpqjvBQXhG28H/3awFp2ZchzYOQ=
15,-18,zJhpKbUPsElGskHWSchzf7Kko2c=,RpqjvBQXhG28H/3awFp2ZchzYOQ=
3,-29,zJhpKbUPsElGskHWSchzf7Kko2c=,RpqjvBQXhG28H/3awFp2ZchzYOQ=
14,-18,zJhpKbUPsElGskHWSchzf7Kko2c=,RpqjvBQXhG28H/3awFp2ZchzYOQ=
10,-18,zJhpKbUPsElGskHWSchzf7Kko2c=,RpqjvBQXhG28H/3awFp2ZchzYOQ=
11,-18,zJhpKbUPsElGskHWSchzf7Kko2c=,RpqjvBQXhG28H/3awFp2ZchzYOQ=
6,-30,zJhpKbUPsElGskHWSchzf7Kko2c=,RpqjvBQXhG28H/3awFp2ZchzYOQ=
3,-17,zJhpKbUPsElGskHWSchzf7Kko2c=,RpqjvBQXhG28H/3awFp2ZchzYOQ=
0,-17,zJhpKbUPsElGskHWSchzf7Kko2c=,RpqjvBQXhG28H/3awFp2ZchzYOQ=
7,-17,zJhpKbUPsElGskHWSchzf7Kko2c=,RpqjvBQXhG28H/3awFp2ZchzYOQ=
5,-17,zJhpKbUPsElGskHWSchzf7Kko2c=,RpqjvBQXhG28H/3awFp2ZchzYOQ=
9,-18,zJhpKbUPsElGskHWSchzf7Kko2c=,RpqjvBQXhG28H/3awFp2ZchzYOQ=
4,-17,zJhpKbUPsElGskHWSchzf7Kko2c=,RpqjvBQXhG28H/3awFp2ZchzYOQ=
6,-17,zJhpKbUPsElGskHWSchzf7Kko2c=,RpqjvBQXhG28H/3awFp2ZchzYOQ=
15,-19,zJhpKbUPsElGskHWSchzf7Kko2c=,RpqjvBQXhG28H/3awFp2ZchzYOQ=
8,-18,zJhpKbUPsElGskHWSchzf7Kko2c=,RpqjvBQXhG28H/3awFp2ZchzYOQ=
4,-32,zJhpKbUPsElGskHWSchzf7Kko2c=,RpqjvBQXhG28H/3awFp2ZchzYOQ=
14,-19,zJhpKbUPsElGskHWSchzf7Kko2c=,RpqjvBQXhG28H/3awFp2ZchzYOQ=
4,-18,zJhpKbUPsElGskHWSchzf7Kko2c=,RpqjvBQXhG28H/3awFp2ZchzYOQ=
7,-18,zJhpKbUPsElGskHWSchzf7Kko2c=,RpqjvBQXhG28H/3awFp2ZchzYOQ=
6,-18,zJhpKbUPsElGskHWSchzf7Kko2c=,RpqjvBQXhG28H/3awFp2ZchzYOQ=
13,-19,zJhpKbUPsElGskHWSchzf7Kko2c=,RpqjvBQXhG28H/3awFp2ZchzYOQ=
11,-19,zJhpKbUPsElGskHWSchzf7Kko2c=,RpqjvBQXhG28H/3awFp2ZchzYOQ=
12,-19,zJhpKbUPsElGskHWSchzf7Kko2c=,RpqjvBQXhG28H/3awFp2ZchzYOQ=
2,-18,zJhpKbUPsElGskHWSchzf7Kko2c=,RpqjvBQXhG28H/3awFp2ZchzYOQ=
1,-18,zJhpKbUPsElGskHWSchzf7Kko2c=,RpqjvBQXhG28H/3awFp2ZchzYOQ=
3,-31,zJhpKbUPsElGskHWSchzf7Kko2c=,RpqjvBQXhG28H/3awFp2ZchzYOQ=
5,-18,zJhpKbUPsElGskHWSchzf7Kko2c=,RpqjvBQXhG28H/3awFp2ZchzYOQ=
6,-32,zJhpKbUPsElGskHWSchzf7Kko2c=,RpqjvBQXhG28H/3awFp2ZchzYOQ=
2,-29,zJhpKbUPsElGskHWSchzf7Kko2c=,RpqjvBQXhG28H/3awFp2ZchzYOQ=
2,-19,zJhpKbUPsElGskHWSchzf7Kko2c=,RpqjvBQXhG28H/3awFp2ZchzYOQ=
3,-18,zJhpKbUPsElGskHWSchzf7Kko2c=,RpqjvBQXhG28H/3awFp2ZchzYOQ=
15,-20,zJhpKbUPsElGskHWSchzf7Kko2c=,RpqjvBQXhG28H/3awFp2ZchzYOQ=
0,-18,zJhpKbUPsElGskHWSchzf7Kko2c=,RpqjvBQXhG28H/3awFp2ZchzYOQ=
14,-20,zJhpKbUPsElGskHWSchzf7Kko2c=,RpqjvBQXhG28H/3awFp2ZchzYOQ=
10,-19,zJhpKbUPsElGskHWSchzf7Kko2c=,RpqjvBQXhG28H/3awFp2ZchzYOQ=
13,-20,zJhpKbUPsElGskHWSchzf7Kko2c=,RpqjvBQXhG28H/3awFp2ZchzYOQ=
9,-19,zJhpKbUPsElGskHWSchzf7Kko2c=,RpqjvBQXhG28H/3awFp2ZchzYOQ=
1,-29,zJhpKbUPsElGskHWSchzf7Kko2c=,RpqjvBQXhG28H/3awFp2ZchzYOQ=
11,-20,zJhpKbUPsElGskHWSchzf7Kko2c=,RpqjvBQXhG28H/3awFp2ZchzYOQ=
12,-20,zJhpKbUPsElGskHWSchzf7Kko2c=,RpqjvBQXhG28H/3awFp2ZchzYOQ=
1,-19,zJhpKbUPsElGskHWSchzf7Kko2c=,RpqjvBQXhG28H/3awFp2ZchzYOQ=
5,-19,zJhpKbUPsElGskHWSchzf7Kko2c=,RpqjvBQXhG28H/3awFp2ZchzYOQ=
6,-19,zJhpKbUPsElGskHWSchzf7Kko2c=,RpqjvBQXhG28H/3awFp2ZchzYOQ=
0,-19,zJhpKbUPsElGskHWSchzf7Kko2c=,RpqjvBQXhG28H/3awFp2ZchzYOQ=
3,-19,zJhpKbUPsElGskHWSchzf7Kko2c=,RpqjvBQXhG28H/3awFp2ZchzYOQ=
2,-20,zJhpKbUPsElGskHWSchzf7Kko2c=,RpqjvBQXhG28H/3awFp2ZchzYOQ=
8,-19,zJhpKbUPsElGskHWSchzf7Kko2c=,RpqjvBQXhG28H/3awFp2ZchzYOQ=
4,-19,zJhpKbUPsElGskHWSchzf7Kko2c=,RpqjvBQXhG28H/3awFp2ZchzYOQ=
15,-21,zJhpKbUPsElGskHWSchzf7Kko2c=,RpqjvBQXhG28H/3awFp2ZchzYOQ=
7,-19,zJhpKbUPsElGskHWSchzf7Kko2c=,RpqjvBQXhG28H/3awFp2ZchzYOQ=
0,-29,zJhpKbUPsElGskHWSchzf7Kko2c=,RpqjvBQXhG28H/3awFp2ZchzYOQ=
14,-21,zJhpKbUPsElGskHWSchzf7Kko2c=,RpqjvBQXhG28H/3awFp2ZchzYOQ=
2,-31,zJhpKbUPsElGskHWSchzf7Kko2c=,RpqjvBQXhG28H/3awFp2ZchzYOQ=
13,-21,zJhpKbUPsElGskHWSchzf7Kko2c=,RpqjvBQXhG28H/3awFp2ZchzYOQ=
10,-29,zJhpKbUPsElGskHWSchzf7Kko2c=,RpqjvBQXhG28H/3awFp2ZchzYOQ=
12,-21,zJhpKbUPsElGskHWSchzf7Kko2c=,RpqjvBQXhG28H/3awFp2ZchzYOQ=
10,-20,zJhpKbUPsElGskHWSchzf7Kko2c=,RpqjvBQXhG28H/3awFp2ZchzYOQ=
15,-30,zJhpKbUPsElGskHWSchzf7Kko2c=,RpqjvBQXhG28H/3awFp2ZchzYOQ=
1,-31,zJhpKbUPsElGskHWSchzf7Kko2c=,RpqjvBQXhG28H/3awFp2ZchzYOQ=
3,-21,zJhpKbUPsElGskHWSchzf7Kko2c=,RpqjvBQXhG28H/3awFp2ZchzYOQ=
6,-20,zJhpKbUPsElGskHWSchzf7Kko2c=,RpqjvBQXhG28H/3awFp2ZchzYOQ=
15,-22,zJhpKbUPsElGskHWSchzf7Kko2c=,RpqjvBQXhG28H/3awFp2ZchzYOQ=
14,-22,zJhpKbUPsElGskHWSchzf7Kko2c=,RpqjvBQXhG28H/3awFp2ZchzYOQ=
7,-20,zJhpKbUPsElGskHWSchzf7Kko2c=,RpqjvBQXhG28H/3awFp2ZchzYOQ=
2,-21,zJhpKbUPsElGskHWSchzf7Kko2c=,RpqjvBQXhG28H/3awFp2ZchzYOQ=
8,-20,zJhpKbUPsElGskHWSchzf7Kko2c=,RpqjvBQXhG28H/3awFp2ZchzYOQ=
4,-20,zJhpKbUPsElGskHWSchzf7Kko2c=,RpqjvBQXhG28H/3awFp2ZchzYOQ=
0,-20,zJhpKbUPsElGskHWSchzf7Kko2c=,RpqjvBQXhG28H/3awFp2ZchzYOQ=
1,-20,zJhpKbUPsElGskHWSchzf7Kko2c=,RpqjvBQXhG28H/3awFp2ZchzYOQ=
11,-21,zJhpKbUPsElGskHWSchzf7Kko2c=,RpqjvBQXhG28H/3awFp2ZchzYOQ=
5,-20,zJhpKbUPsElGskHWSchzf7Kko2c=,RpqjvBQXhG28H/3awFp2ZchzYOQ=
5,-22,zJhpKbUPsElGskHWSchzf7Kko2c=,RpqjvBQXhG28H/3awFp2ZchzYOQ=
10,-21,zJhpKbUPsElGskHWSchzf7Kko2c=,RpqjvBQXhG28H/3awFp2ZchzYOQ=
3,-22,zJhpKbUPsElGskHWSchzf7Kko2c=,RpqjvBQXhG28H/3awFp2ZchzYOQ=
5,-21,zJhpKbUPsElGskHWSchzf7Kko2c=,RpqjvBQXhG28H/3awFp2ZchzYOQ=
9,-20,zJhpKbUPsElGskHWSchzf7Kko2c=,RpqjvBQXhG28H/3awFp2ZchzYOQ=
2,-22,zJhpKbUPsElGskHWSchzf7Kko2c=,RpqjvBQXhG28H/3awFp2ZchzYOQ=
8,-21,zJhpKbUPsElGskHWSchzf7Kko2c=,RpqjvBQXhG28H/3awFp2ZchzYOQ=
3,-20,zJhpKbUPsElGskHWSchzf7Kko2c=,RpqjvBQXhG28H/3awFp2ZchzYOQ=
7,-21,zJhpKbUPsElGskHWSchzf7Kko2c=,RpqjvBQXhG28H/3awFp2ZchzYOQ=
0,-21,zJhpKbUPsElGskHWSchzf7Kko2c=,RpqjvBQXhG28H/3awFp2ZchzYOQ=
4,-21,zJhpKbUPsElGskHWSchzf7Kko2c=,RpqjvBQXhG28H/3awFp2ZchzYOQ=
15,-32,zJhpKbUPsElGskHWSchzf7Kko2c=,RpqjvBQXhG28H/3awFp2ZchzYOQ=
1,-21,zJhpKbUPsElGskHWSchzf7Kko2c=,RpqjvBQXhG28H/3awFp2ZchzYOQ=
9,-21,zJhpKbUPsElGskHWSchzf7Kko2c=,RpqjvBQXhG28H/3awFp2ZchzYOQ=
6,-21,zJhpKbUPsElGskHWSchzf7Kko2c=,RpqjvBQXhG28H/3awFp2ZchzYOQ=
14,-30,zJhpKbUPsElGskHWSchzf7Kko2c=,RpqjvBQXhG28H/3awFp2ZchzYOQ=
0,-31,zJhpKbUPsElGskHWSchzf7Kko2c=,RpqjvBQXhG28H/3awFp2ZchzYOQ=
12,-22,zJhpKbUPsElGskHWSchzf7Kko2c=,RpqjvBQXhG28H/3awFp2ZchzYOQ=
11,-29,zJhpKbUPsElGskHWSchzf7Kko2c=,RpqjvBQXhG28H/3awFp2ZchzYOQ=
13,-22,zJhpKbUPsElGskHWSchzf7Kko2c=,RpqjvBQXhG28H/3awFp2ZchzYOQ=
1,-22,zJhpKbUPsElGskHWSchzf7Kko2c=,RpqjvBQXhG28H/3awFp2ZchzYOQ=
12,-23,zJhpKbUPsElGskHWSchzf7Kko2c=,RpqjvBQXhG28H/3awFp2ZchzYOQ=
8,-22,zJhpKbUPsElGskHWSchzf7Kko2c=,RpqjvBQXhG28H/3awFp2ZchzYOQ=
4,-22,zJhpKbUPsElGskHWSchzf7Kko2c=,RpqjvBQXhG28H/3awFp2ZchzYOQ=
13,-30,zJhpKbUPsElGskHWSchzf7Kko2c=,RpqjvBQXhG28H/3awFp2ZchzYOQ=
11,-23,zJhpKbUPsElGskHWSchzf7Kko2c=,RpqjvBQXhG28H/3awFp2ZchzYOQ=
6,-22,zJhpKbUPsElGskHWSchzf7Kko2c=,RpqjvBQXhG28H/3awFp2ZchzYOQ=
7,-22,zJhpKbUPsElGskHWSchzf7Kko2c=,RpqjvBQXhG28H/3awFp2ZchzYOQ=
11,-22,zJhpKbUPsElGskHWSchzf7Kko2c=,RpqjvBQXhG28H/3awFp2ZchzYOQ=
9,-22,zJhpKbUPsElGskHWSchzf7Kko2c=,RpqjvBQXhG28H/3awFp2ZchzYOQ=
10,-22,zJhpKbUPsElGskHWSchzf7Kko2c=,RpqjvBQXhG28H/3awFp2ZchzYOQ=
14,-32,zJhpKbUPsElGskHWSchzf7Kko2c=,RpqjvBQXhG28H/3awFp2ZchzYOQ=
2,-32,zJhpKbUPsElGskHWSchzf7Kko2c=,RpqjvBQXhG28H/3awFp2ZchzYOQ=
5,-23,zJhpKbUPsElGskHWSchzf7Kko2c=,RpqjvBQXhG28H/3awFp2ZchzYOQ=
15,-23,zJhpKbUPsElGskHWSchzf7Kko2c=,RpqjvBQXhG28H/3awFp2ZchzYOQ=
14,-23,zJhpKbUPsElGskHWSchzf7Kko2c=,RpqjvBQXhG28H/3awFp2ZchzYOQ=
0,-22,zJhpKbUPsElGskHWSchzf7Kko2c=,RpqjvBQXhG28H/3awFp2ZchzYOQ=
13,-23,zJhpKbUPsElGskHWSchzf7Kko2c=,RpqjvBQXhG28H/3awFp2ZchzYOQ=
8,-23,zJhpKbUPsElGskHWSchzf7Kko2c=,RpqjvBQXhG28H/3awFp2ZchzYOQ=
7,-23,zJhpKbUPsElGskHWSchzf7Kko2c=,RpqjvBQXhG28H/3awFp2ZchzYOQ=
10,-23,zJhpKbUPsElGskHWSchzf7Kko2c=,RpqjvBQXhG28H/3awFp2ZchzYOQ=
6,-23,zJhpKbUPsElGskHWSchzf7Kko2c=,RpqjvBQXhG28H/3awFp2ZchzYOQ=
9,-23,zJhpKbUPsElGskHWSchzf7Kko2c=,RpqjvBQXhG28H/3awFp2ZchzYOQ=
2,-23,zJhpKbUPsElGskHWSchzf7Kko2c=,RpqjvBQXhG28H/3awFp2ZchzYOQ=
4,-23,zJhpKbUPsElGskHWSchzf7Kko2c=,RpqjvBQXhG28H/3awFp2ZchzYOQ=
12,-29,zJhpKbUPsElGskHWSchzf7Kko2c=,RpqjvBQXhG28H/3awFp2ZchzYOQ=
1,-23,zJhpKbUPsElGskHWSchzf7Kko2c=,RpqjvBQXhG28H/3awFp2ZchzYOQ=
1,-30,zJhpKbUPsElGskHWSchzf7Kko2c=,RpqjvBQXhG28H/3awFp2ZchzYOQ=
3,-23,zJhpKbUPsElGskHWSchzf7Kko2c=,RpqjvBQXhG28H/3awFp2ZchzYOQ=
13,-32,IlYWwVx04COHj1uBKC4SOkk62aA=,RpqjvBQXhG28H/3awFp2ZchzYOQ=
3,-30,IlYWwVx04COHj1uBKC4SOkk62aA=,RpqjvBQXhG28H/3awFp2ZchzYOQ=
13,-24,IlYWwVx04COHj1uBKC4SOkk62aA=,RpqjvBQXhG28H/3awFp2ZchzYOQ=
2,-30,IlYWwVx04COHj1uBKC4SOkk62aA=,RpqjvBQXhG28H/3awFp2ZchzYOQ=
15,-24,IlYWwVx04COHj1uBKC4SOkk62aA=,RpqjvBQXhG28H/3awFp2ZchzYOQ=
0,-23,IlYWwVx04COHj1uBKC4SOkk62aA=,RpqjvBQXhG28H/3awFp2ZchzYOQ=
12,-30,IlYWwVx04COHj1uBKC4SOkk62aA=,RpqjvBQXhG28H/3awFp2ZchzYOQ=
10,-24,IlYWwVx04COHj1uBKC4SOkk62aA=,RpqjvBQXhG28H/3awFp2ZchzYOQ=
15,-31,IlYWwVx04COHj1uBKC4SOkk62aA=,RpqjvBQXhG28H/3awFp2ZchzYOQ=
14,-24,IlYWwVx04COHj1uBKC4SOkk62aA=,RpqjvBQXhG28H/3awFp2ZchzYOQ=
12,-32,IlYWwVx04COHj1uBKC4SOkk62aA=,RpqjvBQXhG28H/3awFp2ZchzYOQ=
7,-24,IlYWwVx04COHj1uBKC4SOkk62aA=,RpqjvBQXhG28H/3awFp2ZchzYOQ=
14,-31,IlYWwVx04COHj1uBKC4SOkk62aA=,RpqjvBQXhG28H/3awFp2ZchzYOQ=
0,-30,IlYWwVx04COHj1uBKC4SOkk62aA=,RpqjvBQXhG28H/3awFp2ZchzYOQ=
6,-31,IlYWwVx04COHj1uBKC4SOkk62aA=,RpqjvBQXhG28H/3awFp2ZchzYOQ=
1,-24,IlYWwVx04COHj1uBKC4SOkk62aA=,RpqjvBQXhG28H/3awFp2ZchzYOQ=
12,-24,IlYWwVx04COHj1uBKC4SOkk62aA=,RpqjvBQXhG28H/3awFp2ZchzYOQ=
0,-32,IlYWwVx04COHj1uBKC4SOkk62aA=,RpqjvBQXhG28H/3awFp2ZchzYOQ=
11,-24,IlYWwVx04COHj1uBKC4SOkk62aA=,RpqjvBQXhG28H/3awFp2ZchzYOQ=
9,-24,IlYWwVx04COHj1uBKC4SOkk62aA=,RpqjvBQXhG28H/3awFp2ZchzYOQ=
13,-31,IlYWwVx04COHj1uBKC4SOkk62aA=,RpqjvBQXhG28H/3awFp2ZchzYOQ=
8,-24,IlYWwVx04COHj1uBKC4SOkk62aA=,RpqjvBQXhG28H/3awFp2ZchzYOQ=
6,-24,IlYWwVx04COHj1uBKC4SOkk62aA=,RpqjvBQXhG28H/3awFp2ZchzYOQ=
5,-24,IlYWwVx04COHj1uBKC4SOkk62aA=,RpqjvBQXhG28H/3awFp2ZchzYOQ=
13,-25,IlYWwVx04COHj1uBKC4SOkk62aA=,RpqjvBQXhG28H/3awFp2ZchzYOQ=
2,-24,IlYWwVx04COHj1uBKC4SOkk62aA=,RpqjvBQXhG28H/3awFp2ZchzYOQ=
12,-31,IlYWwVx04COHj1uBKC4SOkk62aA=,RpqjvBQXhG28H/3awFp2ZchzYOQ=
4,-24,IlYWwVx04COHj1uBKC4SOkk62aA=,RpqjvBQXhG28H/3awFp2ZchzYOQ=
11,-32,IlYWwVx04COHj1uBKC4SOkk62aA=,RpqjvBQXhG28H/3awFp2ZchzYOQ=
3,-24,IlYWwVx04COHj1uBKC4SOkk62aA=,RpqjvBQXhG28H/3awFp2ZchzYOQ=
0,-24,IlYWwVx04COHj1uBKC4SOkk62aA=,RpqjvBQXhG28H/3awFp2ZchzYOQ=
14,-25,IlYWwVx04COHj1uBKC4SOkk62aA=,RpqjvBQXhG28H/3awFp2ZchzYOQ=
13,-29,IlYWwVx04COHj1uBKC4SOkk62aA=,RpqjvBQXhG28H/3awFp2ZchzYOQ=
11,-30,IlYWwVx04COHj1uBKC4SOkk62aA=,RpqjvBQXhG28H/3awFp2ZchzYOQ=
15,-25,IlYWwVx04COHj1uBKC4SOkk62aA=,RpqjvBQXhG28H/3awFp2ZchzYOQ=
11,-31,IlYWwVx04COHj1uBKC4SOkk62aA=,RpqjvBQXhG28H/3awFp2ZchzYOQ=
10,-25,IlYWwVx04COHj1uBKC4SOkk62aA=,RpqjvBQXhG28H/3awFp2ZchzYOQ=
8,-25,IlYWwVx04COHj1uBKC4SOkk62aA=,RpqjvBQXhG28H/3awFp2ZchzYOQ=
12,-25,IlYWwVx04COHj1uBKC4SOkk62aA=,RpqjvBQXhG28H/3awFp2ZchzYOQ=
11,-25,IlYWwVx04COHj1uBKC4SOkk62aA=,RpqjvBQXhG28H/3awFp2ZchzYOQ=
9,-25,IlYWwVx04COHj1uBKC4SOkk62aA=,RpqjvBQXhG28H/3awFp2ZchzYOQ=
10,-31,IlYWwVx04COHj1uBKC4SOkk62aA=,RpqjvBQXhG28H/3awFp2ZchzYOQ=
7,-25,IlYWwVx04COHj1uBKC4SOkk62aA=,RpqjvBQXhG28H/3awFp2ZchzYOQ=
6,-25,IlYWwVx04COHj1uBKC4SOkk62aA=,RpqjvBQXhG28H/3awFp2ZchzYOQ=
3,-25,IlYWwVx04COHj1uBKC4SOkk62aA=,RpqjvBQXhG28H/3awFp2ZchzYOQ=
10,-30,IlYWwVx04COHj1uBKC4SOkk62aA=,RpqjvBQXhG28H/3awFp2ZchzYOQ=
5,-25,IlYWwVx04COHj1uBKC4SOkk62aA=,RpqjvBQXhG28H/3awFp2ZchzYOQ=
10,-32,IlYWwVx04COHj1uBKC4SOkk62aA=,RpqjvBQXhG28H/3awFp2ZchzYOQ=
8,-26,IlYWwVx04COHj1uBKC4SOkk62aA=,RpqjvBQXhG28H/3awFp2ZchzYOQ=
1,-25,IlYWwVx04COHj1uBKC4SOkk62aA=,RpqjvBQXhG28H/3awFp2ZchzYOQ=
14,-29,IlYWwVx04COHj1uBKC4SOkk62aA=,RpqjvBQXhG28H/3awFp2ZchzYOQ=
4,-25,IlYWwVx04COHj1uBKC4SOkk62aA=,RpqjvBQXhG28H/3awFp2ZchzYOQ=
15,-26,IlYWwVx04COHj1uBKC4SOkk62aA=,RpqjvBQXhG28H/3awFp2ZchzYOQ=
12,-26,IlYWwVx04COHj1uBKC4SOkk62aA=,RpqjvBQXhG28H/3awFp2ZchzYOQ=
13,-26,IlYWwVx04COHj1uBKC4SOkk62aA=,RpqjvBQXhG28H/3awFp2ZchzYOQ=
9,-31,IlYWwVx04COHj1uBKC4SOkk62aA=,RpqjvBQXhG28H/3awFp2ZchzYOQ=
2,-25,IlYWwVx04COHj1uBKC4SOkk62aA=,RpqjvBQXhG28H/3awFp2ZchzYOQ=
0,-25,IlYWwVx04COHj1uBKC4SOkk62aA=,RpqjvBQXhG28H/3awFp2ZchzYOQ=
11,-26,IlYWwVx04COHj1uBKC4SOkk62aA=,RpqjvBQXhG28H/3awFp2ZchzYOQ=
14,-26,IlYWwVx04COHj1uBKC4SOkk62aA=,RpqjvBQXhG28H/3awFp2ZchzYOQ=
10,-26,IlYWwVx04COHj1uBKC4SOkk62aA=,RpqjvBQXhG28H/3awFp2ZchzYOQ=
9,-26,IlYWwVx04COHj1uBKC4SOkk62aA=,RpqjvBQXhG28H/3awFp2ZchzYOQ=
7,-26,IlYWwVx04COHj1uBKC4SOkk62aA=,RpqjvBQXhG28H/3awFp2ZchzYOQ=
9,-32,IlYWwVx04COHj1uBKC4SOkk62aA=,RpqjvBQXhG28H/3awFp2ZchzYOQ=
3,-26,IlYWwVx04COHj1uBKC4SOkk62aA=,RpqjvBQXhG28H/3awFp2ZchzYOQ=
5,-26,IlYWwVx04COHj1uBKC4SOkk62aA=,RpqjvBQXhG28H/3awFp2ZchzYOQ=
9,-30,IlYWwVx04COHj1uBKC4SOkk62aA=,RpqjvBQXhG28H/3awFp2ZchzYOQ=
6,-26,IlYWwVx04COHj1uBKC4SOkk62aA=,RpqjvBQXhG28H/3awFp2ZchzYOQ=
15,-29,IlYWwVx04COHj1uBKC4SOkk62aA=,RpqjvBQXhG28H/3awFp2ZchzYOQ=
1,-26,IlYWwVx04COHj1uBKC4SOkk62aA=,RpqjvBQXhG28H/3awFp2ZchzYOQ=
15,-27,IlYWwVx04COHj1uBKC4SOkk62aA=,RpqjvBQXhG28H/3awFp2ZchzYOQ=
0,-26,IlYWwVx04COHj1uBKC4SOkk62aA=,RpqjvBQXhG28H/3awFp2ZchzYOQ=
4,-26,IlYWwVx04COHj1uBKC4SOkk62aA=,RpqjvBQXhG28H/3awFp2ZchzYOQ=
14,-27,IlYWwVx04COHj1uBKC4SOkk62aA=,RpqjvBQXhG28H/3awFp2ZchzYOQ=
13,-27,IlYWwVx04COHj1uBKC4SOkk62aA=,RpqjvBQXhG28H/3awFp2ZchzYOQ=
2,-26,IlYWwVx04COHj1uBKC4SOkk62aA=,RpqjvBQXhG28H/3awFp2ZchzYOQ=
8,-31,IlYWwVx04COHj1uBKC4SOkk62aA=,RpqjvBQXhG28H/3awFp2ZchzYOQ=
12,-27,IlYWwVx04COHj1uBKC4SOkk62aA=,RpqjvBQXhG28H/3awFp2ZchzYOQ=
11,-27,IlYWwVx04COHj1uBKC4SOkk62aA=,RpqjvBQXhG28H/3awFp2ZchzYOQ=
10,-27,IlYWwVx04COHj1uBKC4SOkk62aA=,RpqjvBQXhG28H/3awFp2ZchzYOQ=
0,-28,IlYWwVx04COHj1uBKC4SOkk62aA=,RpqjvBQXhG28H/3awFp2ZchzYOQ=
8,-27,IlYWwVx04COHj1uBKC4SOkk62aA=,RpqjvBQXhG28H/3awFp2ZchzYOQ=
8,-32,IlYWwVx04COHj1uBKC4SOkk62aA=,RpqjvBQXhG28H/3awFp2ZchzYOQ=
8,-30,IlYWwVx04COHj1uBKC4SOkk62aA=,RpqjvBQXhG28H/3awFp2ZchzYOQ=
9,-27,IlYWwVx04COHj1uBKC4SOkk62aA=,RpqjvBQXhG28H/3awFp2ZchzYOQ=
6,-27,IlYWwVx04COHj1uBKC4SOkk62aA=,RpqjvBQXhG28H/3awFp2ZchzYOQ=
3,-27,IlYWwVx04COHj1uBKC4SOkk62aA=,RpqjvBQXhG28H/3awFp2ZchzYOQ=
2,-27,IlYWwVx04COHj1uBKC4SOkk62aA=,RpqjvBQXhG28H/3awFp2ZchzYOQ=
5,-27,IlYWwVx04COHj1uBKC4SOkk62aA=,RpqjvBQXhG28H/3awFp2ZchzYOQ=
7,-27,IlYWwVx04COHj1uBKC4SOkk62aA=,RpqjvBQXhG28H/3awFp2ZchzYOQ=
1,-27,IlYWwVx04COHj1uBKC4SOkk62aA=,RpqjvBQXhG28H/3awFp2ZchzYOQ=
0,-27,IlYWwVx04COHj1uBKC4SOkk62aA=,RpqjvBQXhG28H/3awFp2ZchzYOQ=
1,-28,IlYWwVx04COHj1uBKC4SOkk62aA=,RpqjvBQXhG28H/3awFp2ZchzYOQ=
4,-27,IlYWwVx04COHj1uBKC4SOkk62aA=,RpqjvBQXhG28H/3awFp2ZchzYOQ=
14,-28,IlYWwVx04COHj1uBKC4SOkk62aA=,RpqjvBQXhG28H/3awFp2ZchzYOQ=
13,-28,IlYWwVx04COHj1uBKC4SOkk62aA=,RpqjvBQXhG28H/3awFp2ZchzYOQ=
12,-28,IlYWwVx04COHj1uBKC4SOkk62aA=,RpqjvBQXhG28H/3awFp2ZchzYOQ=
11,-28,IlYWwVx04COHj1uBKC4SOkk62aA=,RpqjvBQXhG28H/3awFp2ZchzYOQ=
15,-28,IlYWwVx04COHj1uBKC4SOkk62aA=,RpqjvBQXhG28H/3awFp2ZchzYOQ=
10,-28,IlYWwVx04COHj1uBKC4SOkk62aA=,RpqjvBQXhG28H/3awFp2ZchzYOQ=
7,-31,IlYWwVx04COHj1uBKC4SOkk62aA=,RpqjvBQXhG28H/3awFp2ZchzYOQ=
9,-28,IlYWwVx04COHj1uBKC4SOkk62aA=,RpqjvBQXhG28H/3awFp2ZchzYOQ=
7,-30,IlYWwVx04COHj1uBKC4SOkk62aA=,RpqjvBQXhG28H/3awFp2ZchzYOQ=
7,-28,IlYWwVx04COHj1uBKC4SOkk62aA=,RpqjvBQXhG28H/3awFp2ZchzYOQ=
8,-28,IlYWwVx04COHj1uBKC4SOkk62aA=,RpqjvBQXhG28H/3awFp2ZchzYOQ=
7,-32,IlYWwVx04COHj1uBKC4SOkk62aA=,RpqjvBQXhG28H/3awFp2ZchzYOQ=
6,-28,IlYWwVx04COHj1uBKC4SOkk62aA=,RpqjvBQXhG28H/3awFp2ZchzYOQ=
5,-28,IlYWwVx04COHj1uBKC4SOkk62aA=,RpqjvBQXhG28H/3awFp2ZchzYOQ=
2,-28,IlYWwVx04COHj1uBKC4SOkk62aA=,RpqjvBQXhG28H/3awFp2ZchzYOQ=
4,-28,IlYWwVx04COHj1uBKC4SOkk62aA=,RpqjvBQXhG28H/3awFp2ZchzYOQ=
3,-28,IlYWwVx04COHj1uBKC4SOkk62aA=,RpqjvBQXhG28H/3awFp2ZchzYOQ=
15,-1,tQykvg/bzBsNo59x9/q7ViiF2hU=,EatdmeQ2gRNW4/DIkb9Q5TOnXKU=
13,-1,tQykvg/bzBsNo59x9/q7ViiF2hU=,EatdmeQ2gRNW4/DIkb9Q5TOnXKU=
8,-13,tQykvg/bzBsNo59x9/q7ViiF2hU=,EatdmeQ2gRNW4/DIkb9Q5TOnXKU=
14,-1,tQykvg/bzBsNo59x9/q7ViiF2hU=,EatdmeQ2gRNW4/DIkb9Q5TOnXKU=
4,-14,tQykvg/bzBsNo59x9/q7ViiF2hU=,EatdmeQ2gRNW4/DIkb9Q5TOnXKU=
2,-13,tQykvg/bzBsNo59x9/q7ViiF2hU=,EatdmeQ2gRNW4/DIkb9Q5TOnXKU=
5,-13,tQykvg/bzBsNo59x9/q7ViiF2hU=,EatdmeQ2gRNW4/DIkb9Q5TOnXKU=
6,-13,tQykvg/bzBsNo59x9/q7ViiF2hU=,EatdmeQ2gRNW4/DIkb9Q5TOnXKU=
3,-13,tQykvg/bzBsNo59x9/q7ViiF2hU=,EatdmeQ2gRNW4/DIkb9Q5TOnXKU=
7,-13,tQykvg/bzBsNo59x9/q7ViiF2hU=,EatdmeQ2gRNW4/DIkb9Q5TOnXKU=
1,-16,tQykvg/bzBsNo59x9/q7ViiF2hU=,EatdmeQ2gRNW4/DIkb9Q5TOnXKU=
8,-1,tQykvg/bzBsNo59x9/q7ViiF2hU=,EatdmeQ2gRNW4/DIkb9Q5TOnXKU=
4,-13,tQykvg/bzBsNo59x9/q7ViiF2hU=,EatdmeQ2gRNW4/DIkb9Q5TOnXKU=
4,-1,tQykvg/bzBsNo59x9/q7ViiF2hU=,EatdmeQ2gRNW4/DIkb9Q5TOnXKU=
5,-1,tQykvg/bzBsNo59x9/q7ViiF2hU=,EatdmeQ2gRNW4/DIkb9Q5TOnXKU=
12,-1,tQykvg/bzBsNo59x9/q7ViiF2hU=,EatdmeQ2gRNW4/DIkb9Q5TOnXKU=
3,-14,tQykvg/bzBsNo59x9/q7ViiF2hU=,EatdmeQ2gRNW4/DIkb9Q5TOnXKU=
10,-1,tQykvg/bzBsNo59x9/q7ViiF2hU=,EatdmeQ2gRNW4/DIkb9Q5TOnXKU=
9,-1,tQykvg/bzBsNo59x9/q7ViiF2hU=,EatdmeQ2gRNW4/DIkb9Q5TOnXKU=
1,-13,tQykvg/bzBsNo59x9/q7ViiF2hU=,EatdmeQ2gRNW4/DIkb9Q5TOnXKU=
5,-14,tQykvg/bzBsNo59x9/q7ViiF2hU=,EatdmeQ2gRNW4/DIkb9Q5TOnXKU=
6,-1,tQykvg/bzBsNo59x9/q7ViiF2hU=,EatdmeQ2gRNW4/DIkb9Q5TOnXKU=
15,-2,tQykvg/bzBsNo59x9/q7ViiF2hU=,EatdmeQ2gRNW4/DIkb9Q5TOnXKU=
4,-15,tQykvg/bzBsNo59x9/q7ViiF2hU=,EatdmeQ2gRNW4/DIkb9Q5TOnXKU=
3,-16,tQykvg/bzBsNo59x9/q7ViiF2hU=,EatdmeQ2gRNW4/DIkb9Q5TOnXKU=
14,-2,tQykvg/bzBsNo59x9/q7ViiF2hU=,EatdmeQ2gRNW4/DIkb9Q5TOnXKU=
11,-1,tQykvg/bzBsNo59x9/q7ViiF2hU=,EatdmeQ2gRNW4/DIkb9Q5TOnXKU=
7,-1,tQykvg/bzBsNo59x9/q7ViiF2hU=,EatdmeQ2gRNW4/DIkb9Q5TOnXKU=
6,-14,tQykvg/bzBsNo59x9/q7ViiF2hU=,EatdmeQ2gRNW4/DIkb9Q5TOnXKU=
9,-13,tQykvg/bzBsNo59x9/q7ViiF2hU=,EatdmeQ2gRNW4/DIkb9Q5TOnXKU=
12,-2,tQykvg/bzBsNo59x9/q7ViiF2hU=,EatdmeQ2gRNW4/DIkb9Q5TOnXKU=
5,-16,tQykvg/bzBsNo59x9/q7ViiF2hU=,EatdmeQ2gRNW4/DIkb9Q5TOnXKU=
13,-2,tQykvg/bzBsNo59x9/q7ViiF2hU=,EatdmeQ2gRNW4/DIkb9Q5TOnXKU=
11,-2,tQykvg/bzBsNo59x9/q7ViiF2hU=,EatdmeQ2gRNW4/DIkb9Q5TOnXKU=
10,-13,tQykvg/bzBsNo59x9/q7ViiF2hU=,EatdmeQ2gRNW4/DIkb9Q5TOnXKU=
7,-2,tQykvg/bzBsNo59x9/q7ViiF2hU=,EatdmeQ2gRNW4/DIkb9Q5TOnXKU=
5,-2,tQykvg/bzBsNo59x9/q7ViiF2hU=,EatdmeQ2gRNW4/DIkb9Q5TOnXKU=
3,-15,tQykvg/bzBsNo59x9/q7ViiF2hU=,EatdmeQ2gRNW4/DIkb9Q5TOnXKU=
4,-16,tQykvg/bzBsNo59x9/q7ViiF2hU=,EatdmeQ2gRNW4/DIkb9Q5TOnXKU=
2,-14,tQykvg/bzBsNo59x9/q7ViiF2hU=,EatdmeQ2gRNW4/DIkb9Q5TOnXKU=
5,-15,tQykvg/bzBsNo59x9/q7ViiF2hU=,EatdmeQ2gRNW4/DIkb9Q5TOnXKU=
15,-3,tQykvg/bzBsNo59x9/q7ViiF2hU=,EatdmeQ2gRNW4/DIkb9Q5TOnXKU=
14,-3,tQykvg/bzBsNo59x9/q7ViiF2hU=,EatdmeQ2gRNW4/DIkb9Q5TOnXKU=
3,-1,tQykvg/bzBsNo59x9/q7ViiF2hU=,EatdmeQ2gRNW4/DIkb9Q5TOnXKU=
13,-3,tQykvg/bzBsNo59x9/q7ViiF2hU=,EatdmeQ2gRNW4/DIkb9Q5TOnXKU=
1,-1,tQykvg/bzBsNo59x9/q7ViiF2hU=,EatdmeQ2gRNW4/DIkb9Q5TOnXKU=
12,-3,tQykvg/bzBsNo59x9/q7ViiF2hU=,EatdmeQ2gRNW4/DIkb9Q5TOnXKU=
2,-15,tQykvg/bzBsNo59x9/q7ViiF2hU=,EatdmeQ2gRNW4/DIkb9Q5TOnXKU=
6,-2,tQykvg/bzBsNo59x9/q7ViiF2hU=,EatdmeQ2gRNW4/DIkb9Q5TOnXKU=
2,-1,tQykvg/bzBsNo59x9/q7ViiF2hU=,EatdmeQ2gRNW4/DIkb9Q5TOnXKU=
10,-2,tQykvg/bzBsNo59x9/q7ViiF2hU=,EatdmeQ2gRNW4/DIkb9Q5TOnXKU=
8,-2,tQykvg/bzBsNo59x9/q7ViiF2hU=,EatdmeQ2gRNW4/DIkb9Q5TOnXKU=
0,-1,tQykvg/bzBsNo59x9/q7ViiF2hU=,EatdmeQ2gRNW4/DIkb9Q5TOnXKU=
9,-2,tQykvg/bzBsNo59x9/q7ViiF2hU=,EatdmeQ2gRNW4/DIkb9Q5TOnXKU=
4,-2,tQykvg/bzBsNo59x9/q7ViiF2hU=,EatdmeQ2gRNW4/DIkb9Q5TOnXKU=
6,-3,tQykvg/bzBsNo59x9/q7ViiF2hU=,EatdmeQ2gRNW4/DIkb9Q5TOnXKU=
7,-3,tQykvg/bzBsNo59x9/q7ViiF2hU=,EatdmeQ2gRNW4/DIkb9Q5TOnXKU=
5,-3,tQykvg/bzBsNo59x9/q7ViiF2hU=,EatdmeQ2gRNW4/DIkb9Q5TOnXKU=
1,-15,tQykvg/bzBsNo59x9/q7ViiF2hU=,EatdmeQ2gRNW4/DIkb9Q5TOnXKU=
1,-14,tQykvg/bzBsNo59x9/q7ViiF2hU=,EatdmeQ2gRNW4/DIkb9Q5TOnXKU=
4,-3,tQykvg/bzBsNo59x9/q7ViiF2hU=,EatdmeQ2gRNW4/DIkb9Q5TOnXKU=
7,-14,tQykvg/bzBsNo59x9/q7ViiF2hU=,EatdmeQ2gRNW4/DIkb9Q5TOnXKU=
3,-2,tQykvg/bzBsNo59x9/q7ViiF2hU=,EatdmeQ2gRNW4/DIkb9Q5TOnXKU=
15,-4,tQykvg/bzBsNo59x9/q7ViiF2hU=,EatdmeQ2gRNW4/DIkb9Q5TOnXKU=
14,-4,tQykvg/bzBsNo59x9/q7ViiF2hU=,EatdmeQ2gRNW4/DIkb9Q5TOnXKU=
2,-2,tQykvg/bzBsNo59x9/q7ViiF2hU=,EatdmeQ2gRNW4/DIkb9Q5TOnXKU=
11,-13,tQykvg/bzBsNo59x9/q7ViiF2hU=,EatdmeQ2gRNW4/DIkb9Q5TOnXKU=
0,-14,tQykvg/bzBsNo59x9/q7ViiF2hU=,EatdmeQ2gRNW4/DIkb9Q5TOnXKU=
12,-13,tQykvg/bzBsNo59x9/q7ViiF2hU=,EatdmeQ2gRNW4/DIkb9Q5TOnXKU=
1,-2,tQykvg/bzBsNo59x9/q7ViiF2hU=,EatdmeQ2gRNW4/DIkb9Q5TOnXKU=
8,-4,tQykvg/bzBsNo59x9/q7ViiF2hU=,EatdmeQ2gRNW4/DIkb9Q5TOnXKU=
13,-13,tQykvg/bzBsNo59x9/q7ViiF2hU=,EatdmeQ2gRNW4/DIkb9Q5TOnXKU=
0,-2,tQykvg/bzBsNo59x9/q7ViiF2hU=,EatdmeQ2gRNW4/DIkb9Q5TOnXKU=
8,-3,tQykvg/bzBsNo59x9/q7ViiF2hU=,EatdmeQ2gRNW4/DIkb9Q5TOnXKU=
14,-13,tQykvg/bzBsNo59x9/q7ViiF2hU=,EatdmeQ2gRNW4/DIkb9Q5TOnXKU=
15,-13,tQykvg/bzBsNo59x9/q7ViiF2hU=,EatdmeQ2gRNW4/DIkb9Q5TOnXKU=
9,-3,tQykvg/bzBsNo59x9/q7ViiF2hU=,EatdmeQ2gRNW4/DIkb9Q5TOnXKU=
7,-4,tQykvg/bzBsNo59x9/q7ViiF2hU=,EatdmeQ2gRNW4/DIkb9Q5TOnXKU=
6,-4,tQykvg/bzBsNo59x9/q7ViiF2hU=,EatdmeQ2gRNW4/DIkb9Q5TOnXKU=
3,-3,tQykvg/bzBsNo59x9/q7ViiF2hU=,EatdmeQ2gRNW4/DIkb9Q5TOnXKU=
15,-15,tQykvg/bzBsNo59x9/q7ViiF2hU=,EatdmeQ2gRNW4/DIkb9Q5TOnXKU=
15,-16,tQykvg/bzBsNo59x9/q7ViiF2hU=,EatdmeQ2gRNW4/DIkb9Q5TOnXKU=
10,-3,tQykvg/bzBsNo59x9/q7ViiF2hU=,EatdmeQ2gRNW4/DIkb9Q5TOnXKU=
4,-4,tQykvg/bzBsNo59x9/q7ViiF2hU=,EatdmeQ2gRNW4/DIkb9Q5TOnXKU=
12,-4,tQykvg/bzBsNo59x9/q7ViiF2hU=,EatdmeQ2gRNW4/DIkb9Q5TOnXKU=
2,-3,tQykvg/bzBsNo59x9/q7ViiF2hU=,EatdmeQ2gRNW4/DIkb9Q5TOnXKU=
5,-4,tQykvg/bzBsNo59x9/q7ViiF2hU=,EatdmeQ2gRNW4/DIkb9Q5TOnXKU=
0,-12,tQykvg/bzBsNo59x9/q7ViiF2hU=,EatdmeQ2gRNW4/DIkb9Q5TOnXKU=
3,-4,tQykvg/bzBsNo59x9/q7ViiF2hU=,EatdmeQ2gRNW4/DIkb9Q5TOnXKU=
13,-4,tQykvg/bzBsNo59x9/q7ViiF2hU=,EatdmeQ2gRNW4/DIkb9Q5TOnXKU=
11,-3,tQykvg/bzBsNo59x9/q7ViiF2hU=,EatdmeQ2gRNW4/DIkb9Q5TOnXKU=
15,-5,tQykvg/bzBsNo59x9/q7ViiF2hU=,EatdmeQ2gRNW4/DIkb9Q5TOnXKU=
14,-5,tQykvg/bzBsNo59x9/q7ViiF2hU=,EatdmeQ2gRNW4/DIkb9Q5TOnXKU=
2,-4,tQykvg/bzBsNo59x9/q7ViiF2hU=,EatdmeQ2gRNW4/DIkb9Q5TOnXKU=
13,-5,tQykvg/bzBsNo59x9/q7ViiF2hU=,EatdmeQ2gRNW4/DIkb9Q5TOnXKU=
9,-4,tQykvg/bzBsNo59x9/q7ViiF2hU=,EatdmeQ2gRNW4/DIkb9Q5TOnXKU=
8,-5,tQykvg/bzBsNo59x9/q7ViiF2hU=,EatdmeQ2gRNW4/DIkb9Q5TOnXKU=
2,-16,tQykvg/bzBsNo59x9/q7ViiF2hU=,EatdmeQ2gRNW4/DIkb9Q5TOnXKU=
9,-5,tQykvg/bzBsNo59x9/q7ViiF2hU=,EatdmeQ2gRNW4/DIkb9Q5TOnXKU=
14,-16,tQykvg/bzBsNo59x9/q7ViiF2hU=,EatdmeQ2gRNW4/DIkb9Q5TOnXKU=
14,-15,tQykvg/bzBsNo59x9/q7ViiF2hU=,EatdmeQ2gRNW4/DIkb9Q5TOnXKU=
7,-5,tQykvg/bzBsNo59x9/q7ViiF2hU=,EatdmeQ2gRNW4/DIkb9Q5TOnXKU=
11,-4,tQykvg/bzBsNo59x9/q7ViiF2hU=,EatdmeQ2gRNW4/DIkb9Q5TOnXKU=
0,-3,tQykvg/bzBsNo59x9/q7ViiF2hU=,EatdmeQ2gRNW4/DIkb9Q5TOnXKU=
1,-3,tQykvg/bzBsNo59x9/q7ViiF2hU=,EatdmeQ2gRNW4/DIkb9Q5TOnXKU=
6,-5,tQykvg/bzBsNo59x9/q7ViiF2hU=,EatdmeQ2gRNW4/DIkb9Q5TOnXKU=
15,-14,tQykvg/bzBsNo59x9/q7ViiF2hU=,EatdmeQ2gRNW4/DIkb9Q5TOnXKU=
15,-6,tQykvg/bzBsNo59x9/q7ViiF2hU=,EatdmeQ2gRNW4/DIkb9Q5TOnXKU=
10,-4,tQykvg/bzBsNo59x9/q7ViiF2hU=,EatdmeQ2gRNW4/DIkb9Q5TOnXKU=
5,-5,tQykvg/bzBsNo59x9/q7ViiF2hU=,EatdmeQ2gRNW4/DIkb9Q5TOnXKU=
2,-5,tQykvg/bzBsNo59x9/q7ViiF2hU=,EatdmeQ2gRNW4/DIkb9Q5TOnXKU=
14,-6,tQykvg/bzBsNo59x9/q7ViiF2hU=,EatdmeQ2gRNW4/DIkb9Q5TOnXKU=
0,-13,tQykvg/bzBsNo59x9/q7ViiF2hU=,EatdmeQ2gRNW4/DIkb9Q5TOnXKU=
4,-5,tQykvg/bzBsNo59x9/q7ViiF2hU=,EatdmeQ2gRNW4/DIkb9Q5TOnXKU=
13,-6,tQykvg/bzBsNo59x9/q7ViiF2hU=,EatdmeQ2gRNW4/DIkb9Q5TOnXKU=
8,-6,tQykvg/bzBsNo59x9/q7ViiF2hU=,EatdmeQ2gRNW4/DIkb9Q5TOnXKU=
13,-16,tQykvg/bzBsNo59x9/q7ViiF2hU=,EatdmeQ2gRNW4/DIkb9Q5TOnXKU=
10,-6,tQykvg/bzBsNo59x9/q7ViiF2hU=,EatdmeQ2gRNW4/DIkb9Q5TOnXKU=
13,-15,tQykvg/bzBsNo59x9/q7ViiF2hU=,EatdmeQ2gRNW4/DIkb9Q5TOnXKU=
0,-15,tQykvg/bzBsNo59x9/q7ViiF2hU=,EatdmeQ2gRNW4/DIkb9Q5TOnXKU=
11,-6,tQykvg/bzBsNo59x9/q7ViiF2hU=,EatdmeQ2gRNW4/DIkb9Q5TOnXKU=
3,-5,tQykvg/bzBsNo59x9/q7ViiF2hU=,EatdmeQ2gRNW4/DIkb9Q5TOnXKU=
12,-6,tQykvg/bzBsNo59x9/q7ViiF2hU=,EatdmeQ2gRNW4/DIkb9Q5TOnXKU=
6,-6,tQykvg/bzBsNo59x9/q7ViiF2hU=,EatdmeQ2gRNW4/DIkb9Q5TOnXKU=
7,-6,tQykvg/bzBsNo59x9/q7ViiF2hU=,EatdmeQ2gRNW4/DIkb9Q5TOnXKU=
15,-7,tQykvg/bzBsNo59x9/q7ViiF2hU=,EatdmeQ2gRNW4/DIkb9Q5TOnXKU=
14,-7,tQykvg/bzBsNo59x9/q7ViiF2hU=,EatdmeQ2gRNW4/DIkb9Q5TOnXKU=
14,-14,tQykvg/bzBsNo59x9/q7ViiF2hU=,EatdmeQ2gRNW4/DIkb9Q5TOnXKU=
2,-6,tQykvg/bzBsNo59x9/q7ViiF2hU=,EatdmeQ2gRNW4/DIkb9Q5TOnXKU=
8,-7,tQykvg/bzBsNo59x9/q7ViiF2hU=,EatdmeQ2gRNW4/DIkb9Q5TOnXKU=
5,-6,tQykvg/bzBsNo59x9/q7ViiF2hU=,EatdmeQ2gRNW4/DIkb9Q5TOnXKU=
12,-5,tQykvg/bzBsNo59x9/q7ViiF2hU=,EatdmeQ2gRNW4/DIkb9Q5TOnXKU=
10,-7,tQykvg/bzBsNo59x9/q7ViiF2hU=,EatdmeQ2gRNW4/DIkb9Q5TOnXKU=
12,-15,GXb+x4aNQgBmChCGBcZRH56Mphs=,EatdmeQ2gRNW4/DIkb9Q5TOnXKU=
0,-4,GXb+x4aNQgBmChCGBcZRH56Mphs=,EatdmeQ2gRNW4/DIkb9Q5TOnXKU=
13,-14,GXb+x4aNQgBmChCGBcZRH56Mphs=,EatdmeQ2gRNW4/DIkb9Q5TOnXKU=
12,-16,GXb+x4aNQgBmChCGBcZRH56Mphs=,EatdmeQ2gRNW4/DIkb9Q5TOnXKU=
13,-7,GXb+x4aNQgBmChCGBcZRH56Mphs=,EatdmeQ2gRNW4/DIkb9Q5TOnXKU=
0,-6,GXb+x4aNQgBmChCGBcZRH56Mphs=,EatdmeQ2gRNW4/DIkb9Q5TOnXKU=
1,-6,GXb+x4aNQgBmChCGBcZRH56Mphs=,EatdmeQ2gRNW4/DIkb9Q5TOnXKU=
12,-7,GXb+x4aNQgBmChCGBcZRH56Mphs=,EatdmeQ2gRNW4/DIkb9Q5TOnXKU=
11,-16,GXb+x4aNQgBmChCGBcZRH56Mphs=,EatdmeQ2gRNW4/DIkb9Q5TOnXKU=
11,-15,GXb+x4aNQgBmChCGBcZRH56Mphs=,EatdmeQ2gRNW4/DIkb9Q5TOnXKU=
3,-6,GXb+x4aNQgBmChCGBcZRH56Mphs=,EatdmeQ2gRNW4/DIkb9Q5TOnXKU=
11,-5,GXb+x4aNQgBmChCGBcZRH56Mphs=,EatdmeQ2gRNW4/DIkb9Q5TOnXKU=
11,-7,GXb+x4aNQgBmChCGBcZRH56Mphs=,EatdmeQ2gRNW4/DIkb9Q5TOnXKU=
9,-7,GXb+x4aNQgBmChCGBcZRH56Mphs=,EatdmeQ2gRNW4/DIkb9Q5TOnXKU=
15,-8,GXb+x4aNQgBmChCGBcZRH56Mphs=,EatdmeQ2gRNW4/DIkb9Q5TOnXKU=
13,-8,GXb+x4aNQgBmChCGBcZRH56Mphs=,EatdmeQ2gRNW4/DIkb9Q5TOnXKU=
14,-8,GXb+x4aNQgBmChCGBcZRH56Mphs=,EatdmeQ2gRNW4/DIkb9Q5TOnXKU=
4,-6,GXb+x4aNQgBmChCGBcZRH56Mphs=,EatdmeQ2gRNW4/DIkb9Q5TOnXKU=
6,-7,GXb+x4aNQgBmChCGBcZRH56Mphs=,EatdmeQ2gRNW4/DIkb9Q5TOnXKU=
1,-4,GXb+x4aNQgBmChCGBcZRH56Mphs=,EatdmeQ2gRNW4/DIkb9Q5TOnXKU=
10,-5,GXb+x4aNQgBmChCGBcZRH56Mphs=,EatdmeQ2gRNW4/DIkb9Q5TOnXKU=
10,-8,GXb+x4aNQgBmChCGBcZRH56Mphs=,EatdmeQ2gRNW4/DIkb9Q5TOnXKU=
12,-8,GXb+x4aNQgBmChCGBcZRH56Mphs=,EatdmeQ2gRNW4/DIkb9Q5TOnXKU=
11,-8,GXb+x4aNQgBmChCGBcZRH56Mphs=,EatdmeQ2gRNW4/DIkb9Q5TOnXKU=
4,-7,GXb+x4aNQgBmChCGBcZRH56Mphs=,EatdmeQ2gRNW4/DIkb9Q5TOnXKU=
1,-5,GXb+x4aNQgBmChCGBcZRH56Mphs=,EatdmeQ2gRNW4/DIkb9Q5TOnXKU=
8,-8,GXb+x4aNQgBmChCGBcZRH56Mphs=,EatdmeQ2gRNW4/DIkb9Q5TOnXKU=
5,-7,GXb+x4aNQgBmChCGBcZRH56Mphs=,EatdmeQ2gRNW4/DIkb9Q5TOnXKU=
9,-8,GXb+x4aNQgBmChCGBcZRH56Mphs=,EatdmeQ2gRNW4/DIkb9Q5TOnXKU=
12,-14,GXb+x4aNQgBmChCGBcZRH56Mphs=,EatdmeQ2gRNW4/DIkb9Q5TOnXKU=
2,-7,GXb+x4aNQgBmChCGBcZRH56Mphs=,EatdmeQ2gRNW4/DIkb9Q5TOnXKU=
7,-7,GXb+x4aNQgBmChCGBcZRH56Mphs=,EatdmeQ2gRNW4/DIkb9Q5TOnXKU=
1,-7,GXb+x4aNQgBmChCGBcZRH56Mphs=,EatdmeQ2gRNW4/DIkb9Q5TOnXKU=
15,-9,GXb+x4aNQgBmChCGBcZRH56Mphs=,EatdmeQ2gRNW4/DIkb9Q5TOnXKU=
14,-9,GXb+x4aNQgBmChCGBcZRH56Mphs=,EatdmeQ2gRNW4/DIkb9Q5TOnXKU=
13,-9,GXb+x4aNQgBmChCGBcZRH56Mphs=,EatdmeQ2gRNW4/DIkb9Q5TOnXKU=
10,-15,GXb+x4aNQgBmChCGBcZRH56Mphs=,EatdmeQ2gRNW4/DIkb9Q5TOnXKU=
12,-9,GXb+x4aNQgBmChCGBcZRH56Mphs=,EatdmeQ2gRNW4/DIkb9Q5TOnXKU=
10,-9,GXb+x4aNQgBmChCGBcZRH56Mphs=,EatdmeQ2gRNW4/DIkb9Q5TOnXKU=
6,-8,GXb+x4aNQgBmChCGBcZRH56Mphs=,EatdmeQ2gRNW4/DIkb9Q5TOnXKU=
8,-9,GXb+x4aNQgBmChCGBcZRH56Mphs=,EatdmeQ2gRNW4/DIkb9Q5TOnXKU=
3,-7,GXb+x4aNQgBmChCGBcZRH56Mphs=,EatdmeQ2gRNW4/DIkb9Q5TOnXKU=
4,-8,GXb+x4aNQgBmChCGBcZRH56Mphs=,EatdmeQ2gRNW4/DIkb9Q5TOnXKU=
3,-8,GXb+x4aNQgBmChCGBcZRH56Mphs=,EatdmeQ2gRNW4/DIkb9Q5TOnXKU=
9,-6,GXb+x4aNQgBmChCGBcZRH56Mphs=,EatdmeQ2gRNW4/DIkb9Q5TOnXKU=
9,-16,GXb+x4aNQgBmChCGBcZRH56Mphs=,EatdmeQ2gRNW4/DIkb9Q5TOnXKU=
6,-15,GXb+x4aNQgBmChCGBcZRH56Mphs=,EatdmeQ2gRNW4/DIkb9Q5TOnXKU=
9,-15,GXb+x4aNQgBmChCGBcZRH56Mphs=,EatdmeQ2gRNW4/DIkb9Q5TOnXKU=
1,-8,GXb+x4aNQgBmChCGBcZRH56Mphs=,EatdmeQ2gRNW4/DIkb9Q5TOnXKU=
9,-9,GXb+x4aNQgBmChCGBcZRH56Mphs=,EatdmeQ2gRNW4/DIkb9Q5TOnXKU=
10,-16,GXb+x4aNQgBmChCGBcZRH56Mphs=,EatdmeQ2gRNW4/DIkb9Q5TOnXKU=
2,-8,GXb+x4aNQgBmChCGBcZRH56Mphs=,EatdmeQ2gRNW4/DIkb9Q5TOnXKU=
7,-8,GXb+x4aNQgBmChCGBcZRH56Mphs=,EatdmeQ2gRNW4/DIkb9Q5TOnXKU=
11,-9,GXb+x4aNQgBmChCGBcZRH56Mphs=,EatdmeQ2gRNW4/DIkb9Q5TOnXKU=
15,-10,GXb+x4aNQgBmChCGBcZRH56Mphs=,EatdmeQ2gRNW4/DIkb9Q5TOnXKU=
11,-14,GXb+x4aNQgBmChCGBcZRH56Mphs=,EatdmeQ2gRNW4/DIkb9Q5TOnXKU=
11,-10,GXb+x4aNQgBmChCGBcZRH56Mphs=,EatdmeQ2gRNW4/DIkb9Q5TOnXKU=
13,-10,GXb+x4aNQgBmChCGBcZRH56Mphs=,EatdmeQ2gRNW4/DIkb9Q5TOnXKU=
12,-10,GXb+x4aNQgBmChCGBcZRH56Mphs=,EatdmeQ2gRNW4/DIkb9Q5TOnXKU=
10,-10,GXb+x4aNQgBmChCGBcZRH56Mphs=,EatdmeQ2gRNW4/DIkb9Q5TOnXKU=
0,-7,GXb+x4aNQgBmChCGBcZRH56Mphs=,EatdmeQ2gRNW4/DIkb9Q5TOnXKU=
14,-10,GXb+x4aNQgBmChCGBcZRH56Mphs=,EatdmeQ2gRNW4/DIkb9Q5TOnXKU=
6,-9,GXb+x4aNQgBmChCGBcZRH56Mphs=,EatdmeQ2gRNW4/DIkb9Q5TOnXKU=
0,-8,GXb+x4aNQgBmChCGBcZRH56Mphs=,EatdmeQ2gRNW4/DIkb9Q5TOnXKU=
7,-9,GXb+x4aNQgBmChCGBcZRH56Mphs=,EatdmeQ2gRNW4/DIkb9Q5TOnXKU=
7,-10,GXb+x4aNQgBmChCGBcZRH56Mphs=,EatdmeQ2gRNW4/DIkb9Q5TOnXKU=
4,-9,GXb+x4aNQgBmChCGBcZRH56Mphs=,EatdmeQ2gRNW4/DIkb9Q5TOnXKU=
5,-8,GXb+x4aNQgBmChCGBcZRH56Mphs=,EatdmeQ2gRNW4/DIkb9Q5TOnXKU=
3,-9,GXb+x4aNQgBmChCGBcZRH56Mphs=,EatdmeQ2gRNW4/DIkb9Q5TOnXKU=
0,-9,GXb+x4aNQgBmChCGBcZRH56Mphs=,EatdmeQ2gRNW4/DIkb9Q5TOnXKU=
6,-10,GXb+x4aNQgBmChCGBcZRH56Mphs=,EatdmeQ2gRNW4/DIkb9Q5TOnXKU=
8,-10,GXb+x4aNQgBmChCGBcZRH56Mphs=,EatdmeQ2gRNW4/DIkb9Q5TOnXKU=
1,-9,GXb+x4aNQgBmChCGBcZRH56Mphs=,EatdmeQ2gRNW4/DIkb9Q5TOnXKU=
5,-9,GXb+x4aNQgBmChCGBcZRH56Mphs=,EatdmeQ2gRNW4/DIkb9Q5TOnXKU=
2,-9,GXb+x4aNQgBmChCGBcZRH56Mphs=,EatdmeQ2gRNW4/DIkb9Q5TOnXKU=
4,-10,GXb+x4aNQgBmChCGBcZRH56Mphs=,EatdmeQ2gRNW4/DIkb9Q5TOnXKU=
1,-10,GXb+x4aNQgBmChCGBcZRH56Mphs=,EatdmeQ2gRNW4/DIkb9Q5TOnXKU=
0,-10,GXb+x4aNQgBmChCGBcZRH56Mphs=,EatdmeQ2gRNW4/DIkb9Q5TOnXKU=
13,-11,GXb+x4aNQgBmChCGBcZRH56Mphs=,EatdmeQ2gRNW4/DIkb9Q5TOnXKU=
0,-5,GXb+x4aNQgBmChCGBcZRH56Mphs=,EatdmeQ2gRNW4/DIkb9Q5TOnXKU=
15,-11,GXb+x4aNQgBmChCGBcZRH56Mphs=,EatdmeQ2gRNW4/DIkb9Q5TOnXKU=
2,-10,GXb+x4aNQgBmChCGBcZRH56Mphs=,EatdmeQ2gRNW4/DIkb9Q5TOnXKU=
3,-10,GXb+x4aNQgBmChCGBcZRH56Mphs=,EatdmeQ2gRNW4/DIkb9Q5TOnXKU=
11,-11,GXb+x4aNQgBmChCGBcZRH56Mphs=,EatdmeQ2gRNW4/DIkb9Q5TOnXKU=
12,-11,GXb+x4aNQgBmChCGBcZRH56Mphs=,EatdmeQ2gRNW4/DIkb9Q5TOnXKU=
9,-14,GXb+x4aNQgBmChCGBcZRH56Mphs=,EatdmeQ2gRNW4/DIkb9Q5TOnXKU=
0,-16,GXb+x4aNQgBmChCGBcZRH56Mphs=,EatdmeQ2gRNW4/DIkb9Q5TOnXKU=
5,-10,GXb+x4aNQgBmChCGBcZRH56Mphs=,EatdmeQ2gRNW4/DIkb9Q5TOnXKU=
8,-11,GXb+x4aNQgBmChCGBcZRH56Mphs=,EatdmeQ2gRNW4/DIkb9Q5TOnXKU=
7,-11,GXb+x4aNQgBmChCGBcZRH56Mphs=,EatdmeQ2gRNW4/DIkb9Q5TOnXKU=
1,-11,GXb+x4aNQgBmChCGBcZRH56Mphs=,EatdmeQ2gRNW4/DIkb9Q5TOnXKU=
2,-11,GXb+x4aNQgBmChCGBcZRH56Mphs=,EatdmeQ2gRNW4/DIkb9Q5TOnXKU=
6,-11,GXb+x4aNQgBmChCGBcZRH56Mphs=,EatdmeQ2gRNW4/DIkb9Q5TOnXKU=
10,-14,GXb+x4aNQgBmChCGBcZRH56Mphs=,EatdmeQ2gRNW4/DIkb9Q5TOnXKU=
3,-11,GXb+x4aNQgBmChCGBcZRH56Mphs=,EatdmeQ2gRNW4/DIkb9Q5TOnXKU=
15,-12,GXb+x4aNQgBmChCGBcZRH56Mphs=,EatdmeQ2gRNW4/DIkb9Q5TOnXKU=
14,-11,GXb+x4aNQgBmChCGBcZRH56Mphs=,EatdmeQ2gRNW4/DIkb9Q5TOnXKU=
4,-11,GXb+x4aNQgBmChCGBcZRH56Mphs=,EatdmeQ2gRNW4/DIkb9Q5TOnXKU=
5,-11,GXb+x4aNQgBmChCGBcZRH56Mphs=,EatdmeQ2gRNW4/DIkb9Q5TOnXKU=
14,-12,GXb+x4aNQgBmChCGBcZRH56Mphs=,EatdmeQ2gRNW4/DIkb9Q5TOnXKU=
10,-12,GXb+x4aNQgBmChCGBcZRH56Mphs=,EatdmeQ2gRNW4/DIkb9Q5TOnXKU=
13,-12,GXb+x4aNQgBmChCGBcZRH56Mphs=,EatdmeQ2gRNW4/DIkb9Q5TOnXKU=
0,-11,GXb+x4aNQgBmChCGBcZRH56Mphs=,EatdmeQ2gRNW4/DIkb9Q5TOnXKU=
12,-12,GXb+x4aNQgBmChCGBcZRH56Mphs=,EatdmeQ2gRNW4/DIkb9Q5TOnXKU=
9,-12,GXb+x4aNQgBmChCGBcZRH56Mphs=,EatdmeQ2gRNW4/DIkb9Q5TOnXKU=
9,-10,GXb+x4aNQgBmChCGBcZRH56Mphs=,EatdmeQ2gRNW4/DIkb9Q5TOnXKU=
6,-12,GXb+x4aNQgBmChCGBcZRH56Mphs=,EatdmeQ2gRNW4/DIkb9Q5TOnXKU=
8,-16,GXb+x4aNQgBmChCGBcZRH56Mphs=,EatdmeQ2gRNW4/DIkb9Q5TOnXKU=
7,-12,GXb+x4aNQgBmChCGBcZRH56Mphs=,EatdmeQ2gRNW4/DIkb9Q5TOnXKU=
5,-12,GXb+x4aNQgBmChCGBcZRH56Mphs=,EatdmeQ2gRNW4/DIkb9Q5TOnXKU=
6,-16,GXb+x4aNQgBmChCGBcZRH56Mphs=,EatdmeQ2gRNW4/DIkb9Q5TOnXKU=
3,-12,GXb+x4aNQgBmChCGBcZRH56Mphs=,EatdmeQ2gRNW4/DIkb9Q5TOnXKU=
4,-12,GXb+x4aNQgBmChCGBcZRH56Mphs=,EatdmeQ2gRNW4/DIkb9Q5TOnXKU=
10,-11,GXb+x4aNQgBmChCGBcZRH56Mphs=,EatdmeQ2gRNW4/DIkb9Q5TOnXKU=
2,-12,GXb+x4aNQgBmChCGBcZRH56Mphs=,EatdmeQ2gRNW4/DIkb9Q5TOnXKU=
1,-12,GXb+x4aNQgBmChCGBcZRH56Mphs=,EatdmeQ2gRNW4/DIkb9Q5TOnXKU=
9,-11,GXb+x4aNQgBmChCGBcZRH56Mphs=,EatdmeQ2gRNW4/DIkb9Q5TOnXKU=
8,-15,GXb+x4aNQgBmChCGBcZRH56Mphs=,EatdmeQ2gRNW4/DIkb9Q5TOnXKU=
11,-12,GXb+x4aNQgBmChCGBcZRH56Mphs=,EatdmeQ2gRNW4/DIkb9Q5TOnXKU=
8,-12,GXb+x4aNQgBmChCGBcZRH56Mphs=,EatdmeQ2gRNW4/DIkb9Q5TOnXKU=
8,-14,GXb+x4aNQgBmChCGBcZRH56Mphs=,EatdmeQ2gRNW4/DIkb9Q5TOnXKU=
7,-15,GXb+x4aNQgBmChCGBcZRH56Mphs=,EatdmeQ2gRNW4/DIkb9Q5TOnXKU=
7,-16,GXb+x4aNQgBmChCGBcZRH56Mphs=,EatdmeQ2gRNW4/DIkb9Q5TOnXKU=
