7,36,XbknqnaHiDZiKEVeSJmq0U1xS9I=,vZ2bNzAySPOiOHmxm45zvCwcfB8=
7,33,XbknqnaHiDZiKEVeSJmq0U1xS9I=,vZ2bNzAySPOiOHmxm45zvCwcfB8=
8,33,XbknqnaHiDZiKEVeSJmq0U1xS9I=,vZ2bNzAySPOiOHmxm45zvCwcfB8=
8,34,XbknqnaHiDZiKEVeSJmq0U1xS9I=,vZ2bNzAySPOiOHmxm45zvCwcfB8=
8,36,XbknqnaHiDZiKEVeSJmq0U1xS9I=,vZ2bNzAySPOiOHmxm45zvCwcfB8=
7,34,XbknqnaHiDZiKEVeSJmq0U1xS9I=,vZ2bNzAySPOiOHmxm45zvCwcfB8=
9,37,XbknqnaHiDZiKEVeSJmq0U1xS9I=,vZ2bNzAySPOiOHmxm45zvCwcfB8=
7,35,XbknqnaHiDZiKEVeSJmq0U1xS9I=,vZ2bNzAySPOiOHmxm45zvCwcfB8=
13,37,XbknqnaHiDZiKEVeSJmq0U1xS9I=,vZ2bNzAySPOiOHmxm45zvCwcfB8=
15,37,XbknqnaHiDZiKEVeSJmq0U1xS9I=,vZ2bNzAySPOiOHmxm45zvCwcfB8=
8,37,XbknqnaHiDZiKEVeSJmq0U1xS9I=,vZ2bNzAySPOiOHmxm45zvCwcfB8=
14,37,XbknqnaHiDZiKEVeSJmq0U1xS9I=,vZ2bNzAySPOiOHmxm45zvCwcfB8=
5,32,XbknqnaHiDZiKEVeSJmq0U1xS9I=,vZ2bNzAySPOiOHmxm45zvCwcfB8=
6,37,XbknqnaHiDZiKEVeSJmq0U1xS9I=,vZ2bNzAySPOiOHmxm45zvCwcfB8=
7,37,XbknqnaHiDZiKEVeSJmq0U1xS9I=,vZ2bNzAySPOiOHmxm45zvCwcfB8=
10,37,XbknqnaHiDZiKEVeSJmq0U1xS9I=,vZ2bNzAySPOiOHmxm45zvCwcfB8=
12,37,XbknqnaHiDZiKEVeSJmq0U1xS9I=,vZ2bNzAySPOiOHmxm45zvCwcfB8=
15,36,XbknqnaHiDZiKEVeSJmq0U1xS9I=,vZ2bNzAySPOiOHmxm45zvCwcfB8=
9,36,XbknqnaHiDZiKEVeSJmq0U1xS9I=,vZ2bNzAySPOiOHmxm45zvCwcfB8=
7,32,XbknqnaHiDZiKEVeSJmq0U1xS9I=,vZ2bNzAySPOiOHmxm45zvCwcfB8=
11,37,XbknqnaHiDZiKEVeSJmq0U1xS9I=,vZ2bNzAySPOiOHmxm45zvCwcfB8=
13,36,XbknqnaHiDZiKEVeSJmq0U1xS9I=,vZ2bNzAySPOiOHmxm45zvCwcfB8=
6,32,XbknqnaHiDZiKEVeSJmq0U1xS9I=,vZ2bNzAySPOiOHmxm45zvCwcfB8=
9,33,XbknqnaHiDZiKEVeSJmq0U1xS9I=,vZ2bNzAySPOiOHmxm45zvCwcfB8=
6,36,XbknqnaHiDZiKEVeSJmq0U1xS9I=,vZ2bNzAySPOiOHmxm45zvCwcfB8=
8,35,XbknqnaHiDZiKEVeSJmq0U1xS9I=,vZ2bNzAySPOiOHmxm45zvCwcfB8=
4,37,XbknqnaHiDZiKEVeSJmq0U1xS9I=,vZ2bNzAySPOiOHmxm45zvCwcfB8=
5,35,XbknqnaHiDZiKEVeSJmq0U1xS9I=,vZ2bNzAySPOiOHmxm45zvCwcfB8=
10,35,XbknqnaHiDZiKEVeSJmq0U1xS9I=,vZ2bNzAySPOiOHmxm45zvCwcfB8=
14,36,XbknqnaHiDZiKEVeSJmq0U1xS9I=,vZ2bNzAySPOiOHmxm45zvCwcfB8=
6,35,XbknqnaHiDZiKEVeSJmq0U1xS9I=,vZ2bNzAySPOiOHmxm45zvCwcfB8=
5,37,XbknqnaHiDZiKEVeSJmq0U1xS9I=,vZ2bNzAySPOiOHmxm45zvCwcfB8=
3,37,eNnv5CUXse/19M2MLGfXJflDJQE=,vZ2bNzAySPOiOHmxm45zvCwcfB8=
4,34,eNnv5CUXse/19M2MLGfXJflDJQE=,vZ2bNzAySPOiOHmxm45zvCwcfB8=
5,34,eNnv5CUXse/19M2MLGfXJflDJQE=,vZ2bNzAySPOiOHmxm45zvCwcfB8=
6,33,eNnv5CUXse/19M2MLGfXJflDJQE=,vZ2bNzAySPOiOHmxm45zvCwcfB8=
3,34,eNnv5CUXse/19M2MLGfXJflDJQE=,vZ2bNzAySPOiOHmxm45zvCwcfB8=
1,37,eNnv5CUXse/19M2MLGfXJflDJQE=,vZ2bNzAySPOiOHmxm45zvCwcfB8=
11,35,eNnv5CUXse/19M2MLGfXJflDJQE=,vZ2bNzAySPOiOHmxm45zvCwcfB8=
9,35,eNnv5CUXse/19M2MLGfXJflDJQE=,vZ2bNzAySPOiOHmxm45zvCwcfB8=
13,35,eNnv5CUXse/19M2MLGfXJflDJQE=,vZ2bNzAySPOiOHmxm45zvCwcfB8=
14,35,eNnv5CUXse/19M2MLGfXJflDJQE=,vZ2bNzAySPOiOHmxm45zvCwcfB8=
11,36,eNnv5CUXse/19M2MLGfXJflDJQE=,vZ2bNzAySPOiOHmxm45zvCwcfB8=
3,32,eNnv5CUXse/19M2MLGfXJflDJQE=,vZ2bNzAySPOiOHmxm45zvCwcfB8=
12,36,eNnv5CUXse/19M2MLGfXJflDJQE=,vZ2bNzAySPOiOHmxm45zvCwcfB8=
15,34,eNnv5CUXse/19M2MLGfXJflDJQE=,vZ2bNzAySPOiOHmxm45zvCwcfB8=
1,32,eNnv5CUXse/19M2MLGfXJflDJQE=,vZ2bNzAySPOiOHmxm45zvCwcfB8=
9,34,eNnv5CUXse/19M2MLGfXJflDJQE=,vZ2bNzAySPOiOHmxm45zvCwcfB8=
15,35,eNnv5CUXse/19M2MLGfXJflDJQE=,vZ2bNzAySPOiOHmxm45zvCwcfB8=
10,36,eNnv5CUXse/19M2MLGfXJflDJQE=,vZ2bNzAySPOiOHmxm45zvCwcfB8=
2,37,eNnv5CUXse/19M2MLGfXJflDJQE=,vZ2bNzAySPOiOHmxm45zvCwcfB8=
4,33,eNnv5CUXse/19M2MLGfXJflDJQE=,vZ2bNzAySPOiOHmxm45zvCwcfB8=
3,33,eNnv5CUXse/19M2MLGfXJflDJQE=,vZ2bNzAySPOiOHmxm45zvCwcfB8=
13,32,eNnv5CUXse/19M2MLGfXJflDJQE=,vZ2bNzAySPOiOHmxm45zvCwcfB8=
12,34,eNnv5CUXse/19M2MLGfXJflDJQE=,vZ2bNzAySPOiOHmxm45zvCwcfB8=
0,37,eNnv5CUXse/19M2MLGfXJflDJQE=,vZ2bNzAySPOiOHmxm45zvCwcfB8=
12,32,eNnv5CUXse/19M2MLGfXJflDJQE=,vZ2bNzAySPOiOHmxm45zvCwcfB8=
11,34,eNnv5CUXse/19M2MLGfXJflDJQE=,vZ2bNzAySPOiOHmxm45zvCwcfB8=
4,35,eNnv5CUXse/19M2MLGfXJflDJQE=,vZ2bNzAySPOiOHmxm45zvCwcfB8=
4,32,eNnv5CUXse/19M2MLGfXJflDJQE=,vZ2bNzAySPOiOHmxm45zvCwcfB8=
2,35,eNnv5CUXse/19M2MLGfXJflDJQE=,vZ2bNzAySPOiOHmxm45zvCwcfB8=
14,32,eNnv5CUXse/19M2MLGfXJflDJQE=,vZ2bNzAySPOiOHmxm45zvCwcfB8=
10,32,eNnv5CUXse/19M2MLGfXJflDJQE=,vZ2bNzAySPOiOHmxm45zvCwcfB8=
5,33,eNnv5CUXse/19M2MLGfXJflDJQE=,vZ2bNzAySPOiOHmxm45zvCwcfB8=
14,34,eNnv5CUXse/19M2MLGfXJflDJQE=,vZ2bNzAySPOiOHmxm45zvCwcfB8=
1,35,eNnv5CUXse/19M2MLGfXJflDJQE=,vZ2bNzAySPOiOHmxm45zvCwcfB8=
10,34,eNnv5CUXse/19M2MLGfXJflDJQE=,vZ2bNzAySPOiOHmxm45zvCwcfB8=
0,32,eNnv5CUXse/19M2MLGfXJflDJQE=,vZ2bNzAySPOiOHmxm45zvCwcfB8=
12,35,eNnv5CUXse/19M2MLGfXJflDJQE=,vZ2bNzAySPOiOHmxm45zvCwcfB8=
15,32,eNnv5CUXse/19M2MLGfXJflDJQE=,vZ2bNzAySPOiOHmxm45zvCwcfB8=
3,35,eNnv5CUXse/19M2MLGfXJflDJQE=,vZ2bNzAySPOiOHmxm45zvCwcfB8=
3,36,eNnv5CUXse/19M2MLGfXJflDJQE=,vZ2bNzAySPOiOHmxm45zvCwcfB8=
13,34,eNnv5CUXse/19M2MLGfXJflDJQE=,vZ2bNzAySPOiOHmxm45zvCwcfB8=
15,33,eNnv5CUXse/19M2MLGfXJflDJQE=,vZ2bNzAySPOiOHmxm45zvCwcfB8=
1,36,eNnv5CUXse/19M2MLGfXJflDJQE=,vZ2bNzAySPOiOHmxm45zvCwcfB8=
2,32,eNnv5CUXse/19M2MLGfXJflDJQE=,vZ2bNzAySPOiOHmxm45zvCwcfB8=
2,34,eNnv5CUXse/19M2MLGfXJflDJQE=,vZ2bNzAySPOiOHmxm45zvCwcfB8=
11,32,eNnv5CUXse/19M2MLGfXJflDJQE=,vZ2bNzAySPOiOHmxm45zvCwcfB8=
11,33,eNnv5CUXse/19M2MLGfXJflDJQE=,vZ2bNzAySPOiOHmxm45zvCwcfB8=
0,33,eNnv5CUXse/19M2MLGfXJflDJQE=,vZ2bNzAySPOiOHmxm45zvCwcfB8=
14,33,eNnv5CUXse/19M2MLGfXJflDJQE=,vZ2bNzAySPOiOHmxm45zvCwcfB8=
10,33,eNnv5CUXse/19M2MLGfXJflDJQE=,vZ2bNzAySPOiOHmxm45zvCwcfB8=
12,33,eNnv5CUXse/19M2MLGfXJflDJQE=,vZ2bNzAySPOiOHmxm45zvCwcfB8=
2,36,eNnv5CUXse/19M2MLGfXJflDJQE=,vZ2bNzAySPOiOHmxm45zvCwcfB8=
0,36,eNnv5CUXse/19M2MLGfXJflDJQE=,vZ2bNzAySPOiOHmxm45zvCwcfB8=
2,33,eNnv5CUXse/19M2MLGfXJflDJQE=,vZ2bNzAySPOiOHmxm45zvCwcfB8=
9,32,eNnv5CUXse/19M2MLGfXJflDJQE=,vZ2bNzAySPOiOHmxm45zvCwcfB8=
13,33,eNnv5CUXse/19M2MLGfXJflDJQE=,vZ2bNzAySPOiOHmxm45zvCwcfB8=
1,34,eNnv5CUXse/19M2MLGfXJflDJQE=,vZ2bNzAySPOiOHmxm45zvCwcfB8=
6,34,eNnv5CUXse/19M2MLGfXJflDJQE=,vZ2bNzAySPOiOHmxm45zvCwcfB8=
0,35,eNnv5CUXse/19M2MLGfXJflDJQE=,vZ2bNzAySPOiOHmxm45zvCwcfB8=
0,34,eNnv5CUXse/19M2MLGfXJflDJQE=,vZ2bNzAySPOiOHmxm45zvCwcfB8=
1,33,eNnv5CUXse/19M2MLGfXJflDJQE=,vZ2bNzAySPOiOHmxm45zvCwcfB8=
5,36,eNnv5CUXse/19M2MLGfXJflDJQE=,vZ2bNzAySPOiOHmxm45zvCwcfB8=
4,36,eNnv5CUXse/19M2MLGfXJflDJQE=,vZ2bNzAySPOiOHmxm45zvCwcfB8=
8,32,eNnv5CUXse/19M2MLGfXJflDJQE=,vZ2bNzAySPOiOHmxm45zvCwcfB8=
24,32,lpFTBgvvImByA+xSQPPwj0KbAIg=,PvDq7PB7BSo2re45JOS2qJnVXuQ=
25,34,lpFTBgvvImByA+xSQPPwj0KbAIg=,PvDq7PB7BSo2re45JOS2qJnVXuQ=
26,37,lpFTBgvvImByA+xSQPPwj0KbAIg=,PvDq7PB7BSo2re45JOS2qJnVXuQ=
23,37,lpFTBgvvImByA+xSQPPwj0KbAIg=,PvDq7PB7BSo2re45JOS2qJnVXuQ=
30,37,lpFTBgvvImByA+xSQPPwj0KbAIg=,PvDq7PB7BSo2re45JOS2qJnVXuQ=
31,37,lpFTBgvvImByA+xSQPPwj0KbAIg=,PvDq7PB7BSo2re45JOS2qJnVXuQ=
24,33,lpFTBgvvImByA+xSQPPwj0KbAIg=,PvDq7PB7BSo2re45JOS2qJnVXuQ=
25,37,lpFTBgvvImByA+xSQPPwj0KbAIg=,PvDq7PB7BSo2re45JOS2qJnVXuQ=
21,37,lpFTBgvvImByA+xSQPPwj0KbAIg=,PvDq7PB7BSo2re45JOS2qJnVXuQ=
22,37,lpFTBgvvImByA+xSQPPwj0KbAIg=,PvDq7PB7BSo2re45JOS2qJnVXuQ=
27,37,lpFTBgvvImByA+xSQPPwj0KbAIg=,PvDq7PB7BSo2re45JOS2qJnVXuQ=
20,37,lpFTBgvvImByA+xSQPPwj0KbAIg=,PvDq7PB7BSo2re45JOS2qJnVXuQ=
22,35,lpFTBgvvImByA+xSQPPwj0KbAIg=,PvDq7PB7BSo2re45JOS2qJnVXuQ=
19,37,lpFTBgvvImByA+xSQPPwj0KbAIg=,PvDq7PB7BSo2re45JOS2qJnVXuQ=
22,34,lpFTBgvvImByA+xSQPPwj0KbAIg=,PvDq7PB7BSo2re45JOS2qJnVXuQ=
21,36,lpFTBgvvImByA+xSQPPwj0KbAIg=,PvDq7PB7BSo2re45JOS2qJnVXuQ=
24,34,lpFTBgvvImByA+xSQPPwj0KbAIg=,PvDq7PB7BSo2re45JOS2qJnVXuQ=
31,36,lpFTBgvvImByA+xSQPPwj0KbAIg=,PvDq7PB7BSo2re45JOS2qJnVXuQ=
30,36,lpFTBgvvImByA+xSQPPwj0KbAIg=,PvDq7PB7BSo2re45JOS2qJnVXuQ=
17,37,lpFTBgvvImByA+xSQPPwj0KbAIg=,PvDq7PB7BSo2re45JOS2qJnVXuQ=
28,37,lpFTBgvvImByA+xSQPPwj0KbAIg=,PvDq7PB7BSo2re45JOS2qJnVXuQ=
21,34,lpFTBgvvImByA+xSQPPwj0KbAIg=,PvDq7PB7BSo2re45JOS2qJnVXuQ=
22,36,lpFTBgvvImByA+xSQPPwj0KbAIg=,PvDq7PB7BSo2re45JOS2qJnVXuQ=
26,33,lpFTBgvvImByA+xSQPPwj0KbAIg=,PvDq7PB7BSo2re45JOS2qJnVXuQ=
26,36,lpFTBgvvImByA+xSQPPwj0KbAIg=,PvDq7PB7BSo2re45JOS2qJnVXuQ=
29,36,lpFTBgvvImByA+xSQPPwj0KbAIg=,PvDq7PB7BSo2re45JOS2qJnVXuQ=
16,37,lpFTBgvvImByA+xSQPPwj0KbAIg=,PvDq7PB7BSo2re45JOS2qJnVXuQ=
25,36,lpFTBgvvImByA+xSQPPwj0KbAIg=,PvDq7PB7BSo2re45JOS2qJnVXuQ=
23,36,lpFTBgvvImByA+xSQPPwj0KbAIg=,PvDq7PB7BSo2re45JOS2qJnVXuQ=
23,35,lpFTBgvvImByA+xSQPPwj0KbAIg=,PvDq7PB7BSo2re45JOS2qJnVXuQ=
20,36,lpFTBgvvImByA+xSQPPwj0KbAIg=,PvDq7PB7BSo2re45JOS2qJnVXuQ=
29,37,lpFTBgvvImByA+xSQPPwj0KbAIg=,PvDq7PB7BSo2re45JOS2qJnVXuQ=
24,36,lpFTBgvvImByA+xSQPPwj0KbAIg=,PvDq7PB7BSo2re45JOS2qJnVXuQ=
28,36,lpFTBgvvImByA+xSQPPwj0KbAIg=,PvDq7PB7BSo2re45JOS2qJnVXuQ=
25,32,lpFTBgvvImByA+xSQPPwj0KbAIg=,PvDq7PB7BSo2re45JOS2qJnVXuQ=
21,33,lpFTBgvvImByA+xSQPPwj0KbAIg=,PvDq7PB7BSo2re45JOS2qJnVXuQ=
21,35,lpFTBgvvImByA+xSQPPwj0KbAIg=,PvDq7PB7BSo2re45JOS2qJnVXuQ=
20,33,lpFTBgvvImByA+xSQPPwj0KbAIg=,PvDq7PB7BSo2re45JOS2qJnVXuQ=
25,35,lpFTBgvvImByA+xSQPPwj0KbAIg=,PvDq7PB7BSo2re45JOS2qJnVXuQ=
26,35,lpFTBgvvImByA+xSQPPwj0KbAIg=,PvDq7PB7BSo2re45JOS2qJnVXuQ=
25,33,lpFTBgvvImByA+xSQPPwj0KbAIg=,PvDq7PB7BSo2re45JOS2qJnVXuQ=
19,35,lpFTBgvvImByA+xSQPPwj0KbAIg=,PvDq7PB7BSo2re45JOS2qJnVXuQ=
27,36,lpFTBgvvImByA+xSQPPwj0KbAIg=,PvDq7PB7BSo2re45JOS2qJnVXuQ=
27,35,lpFTBgvvImByA+xSQPPwj0KbAIg=,PvDq7PB7BSo2re45JOS2qJnVXuQ=
28,35,lpFTBgvvImByA+xSQPPwj0KbAIg=,PvDq7PB7BSo2re45JOS2qJnVXuQ=
20,34,lpFTBgvvImByA+xSQPPwj0KbAIg=,PvDq7PB7BSo2re45JOS2qJnVXuQ=
17,32,lpFTBgvvImByA+xSQPPwj0KbAIg=,PvDq7PB7BSo2re45JOS2qJnVXuQ=
18,37,lpFTBgvvImByA+xSQPPwj0KbAIg=,PvDq7PB7BSo2re45JOS2qJnVXuQ=
24,37,lpFTBgvvImByA+xSQPPwj0KbAIg=,PvDq7PB7BSo2re45JOS2qJnVXuQ=
24,35,lpFTBgvvImByA+xSQPPwj0KbAIg=,PvDq7PB7BSo2re45JOS2qJnVXuQ=
20,35,lpFTBgvvImByA+xSQPPwj0KbAIg=,PvDq7PB7BSo2re45JOS2qJnVXuQ=
19,36,lpFTBgvvImByA+xSQPPwj0KbAIg=,PvDq7PB7BSo2re45JOS2qJnVXuQ=
17,35,lpFTBgvvImByA+xSQPPwj0KbAIg=,PvDq7PB7BSo2re45JOS2qJnVXuQ=
30,35,lpFTBgvvImByA+xSQPPwj0KbAIg=,PvDq7PB7BSo2re45JOS2qJnVXuQ=
19,34,lpFTBgvvImByA+xSQPPwj0KbAIg=,PvDq7PB7BSo2re45JOS2qJnVXuQ=
31,35,lpFTBgvvImByA+xSQPPwj0KbAIg=,PvDq7PB7BSo2re45JOS2qJnVXuQ=
29,35,lpFTBgvvImByA+xSQPPwj0KbAIg=,PvDq7PB7BSo2re45JOS2qJnVXuQ=
17,34,lpFTBgvvImByA+xSQPPwj0KbAIg=,PvDq7PB7BSo2re45JOS2qJnVXuQ=
26,34,lpFTBgvvImByA+xSQPPwj0KbAIg=,PvDq7PB7BSo2re45JOS2qJnVXuQ=
31,34,lpFTBgvvImByA+xSQPPwj0KbAIg=,PvDq7PB7BSo2re45JOS2qJnVXuQ=
16,32,lpFTBgvvImByA+xSQPPwj0KbAIg=,PvDq7PB7BSo2re45JOS2qJnVXuQ=
16,33,lpFTBgvvImByA+xSQPPwj0KbAIg=,PvDq7PB7BSo2re45JOS2qJnVXuQ=
17,33,lpFTBgvvImByA+xSQPPwj0KbAIg=,PvDq7PB7BSo2re45JOS2qJnVXuQ=
31,32,lpFTBgvvImByA+xSQPPwj0KbAIg=,PvDq7PB7BSo2re45JOS2qJnVXuQ=
31,33,lpFTBgvvImByA+xSQPPwj0KbAIg=,PvDq7PB7BSo2re45JOS2qJnVXuQ=
19,33,lpFTBgvvImByA+xSQPPwj0KbAIg=,PvDq7PB7BSo2re45JOS2qJnVXuQ=
16,36,lpFTBgvvImByA+xSQPPwj0KbAIg=,PvDq7PB7BSo2re45JOS2qJnVXuQ=
30,33,lpFTBgvvImByA+xSQPPwj0KbAIg=,PvDq7PB7BSo2re45JOS2qJnVXuQ=
29,32,lpFTBgvvImByA+xSQPPwj0KbAIg=,PvDq7PB7BSo2re45JOS2qJnVXuQ=
26,32,lpFTBgvvImByA+xSQPPwj0KbAIg=,PvDq7PB7BSo2re45JOS2qJnVXuQ=
28,32,lpFTBgvvImByA+xSQPPwj0KbAIg=,PvDq7PB7BSo2re45JOS2qJnVXuQ=
30,32,lpFTBgvvImByA+xSQPPwj0KbAIg=,PvDq7PB7BSo2re45JOS2qJnVXuQ=
22,32,lpFTBgvvImByA+xSQPPwj0KbAIg=,PvDq7PB7BSo2re45JOS2qJnVXuQ=
29,33,lpFTBgvvImByA+xSQPPwj0KbAIg=,PvDq7PB7BSo2re45JOS2qJnVXuQ=
27,34,lpFTBgvvImByA+xSQPPwj0KbAIg=,PvDq7PB7BSo2re45JOS2qJnVXuQ=
28,33,lpFTBgvvImByA+xSQPPwj0KbAIg=,PvDq7PB7BSo2re45JOS2qJnVXuQ=
23,34,lpFTBgvvImByA+xSQPPwj0KbAIg=,PvDq7PB7BSo2re45JOS2qJnVXuQ=
17,36,lpFTBgvvImByA+xSQPPwj0KbAIg=,PvDq7PB7BSo2re45JOS2qJnVXuQ=
23,33,6DIaY1nO3GMfTxW59hCZsKviJOw=,PvDq7PB7BSo2re45JOS2qJnVXuQ=
27,32,6DIaY1nO3GMfTxW59hCZsKviJOw=,PvDq7PB7BSo2re45JOS2qJnVXuQ=
29,34,6DIaY1nO3GMfTxW59hCZsKviJOw=,PvDq7PB7BSo2re45JOS2qJnVXuQ=
28,34,6DIaY1nO3GMfTxW59hCZsKviJOw=,PvDq7PB7BSo2re45JOS2qJnVXuQ=
18,36,6DIaY1nO3GMfTxW59hCZsKviJOw=,PvDq7PB7BSo2re45JOS2qJnVXuQ=
27,33,6DIaY1nO3GMfTxW59hCZsKviJOw=,PvDq7PB7BSo2re45JOS2qJnVXuQ=
30,34,6DIaY1nO3GMfTxW59hCZsKviJOw=,PvDq7PB7BSo2re45JOS2qJnVXuQ=
23,32,6DIaY1nO3GMfTxW59hCZsKviJOw=,PvDq7PB7BSo2re45JOS2qJnVXuQ=
18,35,6DIaY1nO3GMfTxW59hCZsKviJOw=,PvDq7PB7BSo2re45JOS2qJnVXuQ=
21,32,6DIaY1nO3GMfTxW59hCZsKviJOw=,PvDq7PB7BSo2re45JOS2qJnVXuQ=
18,33,6DIaY1nO3GMfTxW59hCZsKviJOw=,PvDq7PB7BSo2re45JOS2qJnVXuQ=
16,34,6DIaY1nO3GMfTxW59hCZsKviJOw=,PvDq7PB7BSo2re45JOS2qJnVXuQ=
18,32,6DIaY1nO3GMfTxW59hCZsKviJOw=,PvDq7PB7BSo2re45JOS2qJnVXuQ=
22,33,6DIaY1nO3GMfTxW59hCZsKviJOw=,PvDq7PB7BSo2re45JOS2qJnVXuQ=
16,35,6DIaY1nO3GMfTxW59hCZsKviJOw=,PvDq7PB7BSo2re45JOS2qJnVXuQ=
18,34,6DIaY1nO3GMfTxW59hCZsKviJOw=,PvDq7PB7BSo2re45JOS2qJnVXuQ=
20,32,6DIaY1nO3GMfTxW59hCZsKviJOw=,PvDq7PB7BSo2re45JOS2qJnVXuQ=
19,32,6DIaY1nO3GMfTxW59hCZsKviJOw=,PvDq7PB7BSo2re45JOS2qJnVXuQ=
